id,name,slug,permalink,created,modified,type,sku,sku_missing,sku_duplicated,price_brl,regular_price_brl,on_sale,price_zero,stock_class,stock_text,low_stock_remaining,is_purchasable,images_count,images_repeated_entries,image_names,image_name_classes,image_formats,images_alt_empty,images_owned_by_other_post,featured_image_shared_with_other_products,description_chars,description_words,short_description_chars,description_missing,description_thin,short_description_missing,description_identical_to_other_product,boilerplate_ratio,emoji_title,emoji_description,emoji_short_description,checkmark_bullets,title_chars,title_flags,slug_flags,categories,only_generic_categories,in_offers_category_without_sale,tags,brands,brand_missing,brand_generic,attributes_count,attribute_names,attributes_are_global,weight_kg,weight_missing,dimensions_missing,net_content_from_title_g_or_ml,weight_below_net_content,has_nutrition_facts,has_ingredients,has_allergens,has_shelf_life,has_storage,has_country_of_origin,has_importer_info,has_alcohol_abv,has_age_18_warning,has_drink_responsibly,has_material,has_dimensions_text,has_capacity,has_care_instructions,has_age_range,has_inmetro,has_warranty,has_anvisa
64,Bebida Coreana Café Gelado Cantata Lotte Bag 230ml Sabor Americano Zero Açúcar,bebida-coreana-cafe-gelado-cantata-lotte-bag-230ml-sabor-americano-zero-acucar,https://mimoskorea.com.br/bebida-coreana-cafe-gelado-cantata-lotte-bag-230ml-sabor-americano-zero-acucar/,2025-11-15T21:17:25,2026-04-28T16:11:29,simple,CAF-CNT-LT-GEL-230,False,False,14.9,14.9,False,False,out-of-stock,Fora de estoque,0,True,1,0,bebida-cafe-coreano-gelado-cantata-lotte-bag-230ml-sabores-americano-zero-acucar,descriptive,webp,1,,False,718,108,226,False,False,False,False,0.0,0,0,0,0,78,longer_than_70_chars,too_long,bebidas; comida-e-bebida,False,False,230ml; Bag; Café Gelado; Cantata; Coreano; Lotte,Cantata; Lotte,False,False,4,Ingredientes Principais; Teor de Cafeína; Formato; Açúcar,False,0.25,False,,230.0,False,False,True,False,False,False,False,False,False,False,False,False,False,False,False,False,False,False,False
65,Bebida Café Coreano Let’s Be Lotte Cappuccino de 240ml,bebida-cafe-coreano-lets-be-lotte-cappuccino-de-240ml,https://mimoskorea.com.br/bebida-cafe-coreano-lets-be-lotte-cappuccino-de-240ml/,2025-11-15T21:17:25,2026-08-21T14:11:28,simple,CAF-LTB-LT-CAP-240,False,False,15.9,15.9,False,False,out-of-stock,Fora de estoque,0,True,1,0,bebida-cafe-coreano-let-s-be-lotte-cappuccino-de-240ml,descriptive,webp,1,,False,642,96,180,False,False,False,False,0.0,0,0,0,0,54,,,bebidas; comida-e-bebida,False,False,240ml; Café; Cappuccino; Coreano; Let's Be; Lotte,Let's Be; Lotte,False,False,4,Ingredientes Principais; Teor de Cafeína; Formato; Açúcar,False,0.28,False,,240.0,False,False,True,False,False,False,False,False,False,False,False,False,False,False,False,False,False,False,False
66,Bebida Coreana Café Gelado Cantata Lotte Bag 230ml Sabor Amêndoa Zero Açúcar,bebida-coreana-cafe-gelado-cantata-lotte-bag-230ml-sabor-amendoa-zero-acucar,https://mimoskorea.com.br/bebida-coreana-cafe-gelado-cantata-lotte-bag-230ml-sabor-amendoa-zero-acucar/,2025-11-15T21:17:26,2026-04-28T16:10:58,simple,CAF-GEL-CNT-LT-230,False,False,14.9,14.9,False,False,out-of-stock,Fora de estoque,0,True,1,0,bebida-cafe-coreano-gelado-cantata-lotte-bag-230ml-sabores-amendoas-zero-acucar,descriptive,webp,1,,False,672,104,195,False,False,False,False,0.0,0,0,0,0,76,longer_than_70_chars,too_long,bebidas; comida-e-bebida,False,False,230ml; Bag; Café Gelado; Cantata; Coreano; Lotte,Cantata; Lotte,False,False,4,Ingredientes Principais; Teor de Cafeína; Formato; Açúcar,False,0.25,False,,230.0,False,False,True,False,False,False,False,False,False,False,False,False,False,False,False,False,False,False,False
67,Bebida Coreana Refrigerante Leite Milkis Lotte 250ml Sabor Original,bebida-coreana-refrigerante-leite-milkis-lotte-250ml-sabor-original,https://mimoskorea.com.br/bebida-coreana-refrigerante-leite-milkis-lotte-250ml-sabor-original/,2025-11-15T21:17:26,2026-04-28T16:11:05,simple,REF-MLK-LT-250,False,True,12.9,12.9,False,False,out-of-stock,Fora de estoque,0,True,1,0,bebida-coreana-refrigerante-leite-milkis-lotte-250ml-sabores-original,descriptive,webp,1,,False,687,104,192,False,False,False,True,1.0,0,0,0,0,67,,,comida-e-bebida; refrigerantes,False,False,250ml; Coreano; Lotte; Milkis; Refrigerante Leite,Lotte; Milkis,False,False,4,Tipo; Teor de Leite; Corantes Artificiais; Cafeína,False,0.28,False,,250.0,False,False,False,False,False,False,False,False,False,False,False,False,False,False,False,False,False,False,False
68,Biscoito Coreano Pepero Lotte 47g Sabor White Cookie,biscoito-coreano-pepero-lotte-47g-sabor-white-cookie,https://mimoskorea.com.br/biscoito-coreano-pepero-lotte-47g-sabor-white-cookie/,2025-11-15T21:17:26,2026-04-28T16:11:10,simple,BSC-PPR-LT-47G,False,True,19.99,19.99,False,False,out-of-stock,Fora de estoque,0,True,1,0,biscoito-coreano-pepero-lotte-47g-sabores-white-cookie,descriptive,webp,1,,False,680,100,178,False,False,False,True,1.0,0,0,0,0,52,,,biscoitos; comida-e-bebida,False,False,47g; Biscoito; Coreano; Lotte; Pepero,Lotte; Pepero,False,False,4,Ingredientes Principais; Alérgicos; Formato; Calorias,False,0.05,False,,47.0,False,True,True,True,False,False,False,False,False,False,False,False,False,False,False,False,False,False,False
69,Biscoito de Arroz Coreano O’Rice Orion 129g Sabor Queijo com Batata,biscoito-de-arroz-coreano-orice-orion-129g-sabor-queijo-com-batata,https://mimoskorea.com.br/biscoito-de-arroz-coreano-orice-orion-129g-sabor-queijo-com-batata/,2025-11-15T21:17:26,2026-05-19T12:39:06,simple,BSC-ARR-ORC-ORI-129G,False,True,25.9,25.9,False,False,out-of-stock,Fora de estoque,0,True,1,0,biscoito-de-arroz-coreano-o-rice-orion-129g-sabores-queijo-com-batata,descriptive,webp,1,,False,642,100,159,False,False,False,True,1.0,0,0,0,0,67,,,biscoitos; comida-e-bebida,False,False,129g; Biscoito de Arroz; Coreano; O'Rice; Orion,O'Rice; Orion,False,False,4,Tipo; Ingredientes Principais; Alérgicos; Calorias,False,0.15,False,,129.0,False,True,True,True,False,False,False,False,False,False,False,False,False,False,False,False,False,False,False
70,Bolinho Coreano ChocoPie Orion Chocolate Duplo c/ Marshmallow | Caixa 6 un | 180g | Sem Glúten | Importado Mimos Korea,bolinho-coreano-choco-pie-lotte-chocolate-duplo-com-marshmallow,https://mimoskorea.com.br/bolinho-coreano-choco-pie-lotte-chocolate-duplo-com-marshmallow/,2025-11-15T21:17:26,2026-09-12T09:37:14,simple,BLN-CHP-LT-CHC,False,True,25.9,25.9,False,False,in-stock,,,True,2,0,bolinho-coreano-choco-pie-lotte-chocolate-duplo-com-marshmallow; br-11134207-820mg-mrltqcy2kop31a,descriptive; shopee_cdn_hash,webp; png,2,,False,906,152,906,False,False,False,False,0.18,0,9,9,7,118,longer_than_70_chars; pipe_keyword_stuffing; store_name_in_title,,comida-e-bebida; doces; ofertas-mimos,False,True,Bolinho; Choco Pie; Chocolate; Coreano; Lotte; Marshmallow,Choco Pie; Lotte,False,False,4,Ingredientes Principais; Alérgicos; Formato; Calorias,False,0.05,False,,180.0,True,True,True,True,False,False,True,False,False,False,False,False,False,False,False,False,False,False,False
85,Kit 2 Snack Coreano Batata Orion Tok Carne e Queijo de 38g,kit-2-snack-coreano-batata-orion-tok-carne-e-queijo-de-38g,https://mimoskorea.com.br/kit-2-snack-coreano-batata-orion-tok-carne-e-queijo-de-38g/,2025-11-15T21:17:28,2026-04-28T16:10:19,simple,KIT-SNK-BAT-TOK-ORI-2UN,False,False,27.99,27.99,False,False,out-of-stock,Fora de estoque,0,True,1,0,snack-de-batata-coreano-orion-tok-38g-sabores-carne-barbecue,descriptive,webp,1,,False,572,88,176,False,False,False,False,0.0,0,0,0,0,58,,,comida-e-bebida; salgadinhos,False,False,2 Unidades; 38g; Batata; Coreano; Kit; Orion; Snack; Tok,Orion; Tok,False,False,4,Ingredientes Principais; Alérgicos; Formato; Calorias,False,0.08,False,,38.0,False,True,True,True,False,False,False,False,False,False,False,False,False,False,False,False,False,False,False
106,Kit Guloseima Chiclete Coreano Orion Morango de 12g,kit-guloseima-chiclete-coreano-orion-morango-de-12g,https://mimoskorea.com.br/kit-guloseima-chiclete-coreano-orion-morango-de-12g/,2025-11-15T21:17:32,2026-08-21T14:11:06,simple,KIT-CHC-ORI-MOR-12G,False,False,19.99,19.99,False,False,out-of-stock,Fora de estoque,0,True,1,0,kit-guloseima-chiclete-coreano-orion-morango-de-12g,descriptive,webp,1,,False,569,85,160,False,False,False,False,0.0,0,0,0,0,51,,,comida-e-bebida; doces,False,False,12g; Chiclete; Coreano; Kit; Morango; Orion,Orion,False,False,4,Ingredientes Principais; Características; Alérgicos; Calorias,False,0.05,False,,12.0,False,True,True,True,False,False,False,False,False,False,False,False,False,False,False,False,False,False,False
131,Pantufas Fofas Porquinho Rosa,pantufas-fofas-porquinho-rosa,https://mimoskorea.com.br/pantufas-fofas-porquinho-rosa/,2025-11-15T21:17:36,2026-04-28T16:05:02,simple,PNT-POR-ROS,False,False,129.99,129.99,False,False,out-of-stock,Fora de estoque,0,True,1,0,pantufas-fofas-porquinho-rosa,descriptive,webp,1,,False,497,71,166,False,False,False,False,0.0,0,0,0,0,29,,,moda,False,False,Pantufas; Porquinho; Rosa,Genérico,False,True,4,Material; Cor; Características; Uso,False,0.3,False,,,False,False,False,False,False,False,False,False,False,False,False,True,False,False,False,False,False,False,False
135,Pelúcia Cachorro Pug Fofinho de 30cm,pelucia-cachorro-pug-fofinho-de-30cm,https://mimoskorea.com.br/pelucia-cachorro-pug-fofinho-de-30cm/,2025-11-15T21:17:37,2026-04-28T08:45:24,simple,PLC-CAC-PUG-30CM,False,False,119.99,119.99,False,False,out-of-stock,Fora de estoque,0,True,1,0,pelucia-cachorro-pug-fofinho-de-30cm,descriptive,webp,1,,False,530,75,155,False,False,False,False,0.0,0,0,0,0,36,,,bebe-e-infantil; pelucias,False,False,30cm; Cachorro; Pelúcia; Pug,Genérico,False,True,4,Material; Características; Idade Recomendada; Uso,False,0.2,False,,,False,False,False,True,False,False,False,False,False,False,False,True,True,False,False,True,False,False,False
136,Pelúcia Capivara Gotinha Fofinha de 45cm,pelucia-capivara-gotinha-fofinha-de-45cm,https://mimoskorea.com.br/pelucia-capivara-gotinha-fofinha-de-45cm/,2025-11-15T21:17:37,2026-04-28T16:03:44,simple,PLC-CAP-GOT-45CM,False,False,129.99,129.99,False,False,out-of-stock,Fora de estoque,0,True,1,0,pelucia-capivara-gotinha-fofinha-de-45cm,descriptive,webp,1,,False,500,72,164,False,False,False,False,0.0,0,0,0,0,40,,,bebe-e-infantil; pelucias,False,False,45cm; Capivara; Gotinha; Pelúcia,Genérico,False,True,4,Material; Características; Idade Recomendada; Uso,False,0.3,False,,,False,False,False,True,False,False,False,False,False,False,False,True,True,False,False,True,False,False,False
137,Pelúcia Coala Fofinho de 45cm,pelucia-coala-fofinho-de-45cm,https://mimoskorea.com.br/pelucia-coala-fofinho-de-45cm/,2025-11-15T21:17:37,2026-04-28T08:45:35,simple,PLC-COA-45CM,False,False,159.99,159.99,False,False,out-of-stock,Fora de estoque,0,True,1,0,pelucia-coala-fofinho-de-45cm,descriptive,webp,1,,False,497,72,150,False,False,False,False,0.0,0,0,0,0,29,,,bebe-e-infantil; pelucias,False,False,45cm; Coala; Pelúcia,Genérico,False,True,4,Material; Características; Idade Recomendada; Uso,False,0.3,False,,,False,False,False,True,False,False,False,False,False,False,False,True,True,False,False,True,False,False,False
139,Pelúcia Porquinho Rosa Deitado Fofinho de 40cm,pelucia-porquinho-rosa-deitado-fofinho-de-40cm,https://mimoskorea.com.br/pelucia-porquinho-rosa-deitado-fofinho-de-40cm/,2025-11-15T21:17:37,2026-04-28T16:04:18,simple,PLC-POR-ROS-DEI-40CM,False,False,109.99,109.99,False,False,out-of-stock,Fora de estoque,0,True,1,0,pelucia-porquinho-rosa-deitado-fofinho-de-40cm,descriptive,webp,1,,False,532,75,167,False,False,False,False,0.0,0,0,0,0,46,,,bebe-e-infantil; pelucias,False,False,40cm; Deitado; Pelúcia; Porquinho; Rosa,Genérico,False,True,4,Material; Características; Idade Recomendada; Uso,False,0.25,False,,,False,False,False,True,False,False,False,False,False,False,False,True,True,False,False,True,False,False,False
140,Pelúcia Porquinho Rosa Mamadeira de 35cm,pelucia-porquinho-rosa-mamadeira-de-35cm,https://mimoskorea.com.br/pelucia-porquinho-rosa-mamadeira-de-35cm/,2025-11-15T21:17:38,2026-04-28T16:03:19,simple,PLC-POR-ROS-MAM-35CM,False,False,139.99,139.99,False,False,out-of-stock,Fora de estoque,0,True,1,0,pelucia-porquinho-rosa-mamadeira-de-35cm,descriptive,webp,1,,False,519,75,170,False,False,False,False,0.0,0,0,0,0,40,,,bebe-e-infantil; pelucias,False,False,35cm; Mamadeira; Pelúcia; Porquinho; Rosa,Genérico,False,True,4,Material; Características; Idade Recomendada; Uso,False,0.2,False,,,False,False,False,True,False,False,False,False,False,False,False,True,True,False,False,True,False,False,False
141,Pelúcia Unicórnio Fofo Deitado Rosa de 50cm,pelucia-unicornio-fofo-deitado-rosa-de-50cm,https://mimoskorea.com.br/pelucia-unicornio-fofo-deitado-rosa-de-50cm/,2025-11-15T21:17:38,2026-04-28T08:39:30,simple,PLC-UNI-DEI-50CM,False,False,109.99,109.99,False,False,out-of-stock,Fora de estoque,0,True,1,0,pelucia-unicornio-fofo-deitado-rosa-de-50cm,descriptive,webp,1,,False,523,76,165,False,False,False,False,0.0,0,0,0,0,43,,,bebe-e-infantil; pelucias,False,False,50cm; Deitado; Pelúcia; Unicórnio,Genérico,False,True,4,Material; Características; Idade Recomendada; Uso,False,0.3,False,,,False,False,False,True,False,False,False,False,False,False,False,True,True,False,False,True,False,False,False
142,Pelúcia Unicórnio Infantil Fofo de 40cm,pelucia-unicornio-infantil-fofo-de-40cm,https://mimoskorea.com.br/pelucia-unicornio-infantil-fofo-de-40cm/,2025-11-15T21:17:38,2026-04-28T08:39:38,simple,PLC-UNI-INF-40CM,False,False,78.99,78.99,False,False,out-of-stock,Fora de estoque,0,True,1,0,pelucia-unicornio-infantil-fofo-de-40cm,descriptive,webp,1,,False,530,75,180,False,False,False,False,0.0,0,0,0,0,39,,,bebe-e-infantil; pelucias,False,False,40cm; Infantil; Pelúcia; Unicórnio,Genérico,False,True,4,Material; Características; Idade Recomendada; Uso,False,0.25,False,,,False,False,False,True,False,False,False,False,False,False,False,True,True,False,False,True,False,False,False
145,Refresco Coreano Sac Sac Lotte 238ml Sabor Morango,refresco-coreano-sac-sac-lotte-238ml-sabor-morango,https://mimoskorea.com.br/refresco-coreano-sac-sac-lotte-238ml-sabor-morango/,2025-11-15T21:17:38,2026-04-28T16:03:38,simple,REF-SAC-LT-238,False,True,12.9,12.9,False,False,out-of-stock,Fora de estoque,0,True,1,0,refresco-coreano-sac-sac-lotte-238ml-sabores-morango-com-pedacos,descriptive,webp,1,,False,519,77,163,False,False,False,True,0.75,0,0,0,0,50,,,bebidas; comida-e-bebida,False,False,238ml; Coreano; Lotte; Refresco; Sac Sac,Lotte; Sac Sac,False,False,4,Ingredientes Principais; Teor de Fruta; Formato; Açúcar,False,0.28,False,,238.0,False,False,True,False,False,False,False,False,False,False,False,False,False,False,False,False,False,False,False
147,Salgadinho Coreano Koony Sabor Frango Frito de 40g,salgadinho-coreano-koony-sabor-frango-frito-de-40g,https://mimoskorea.com.br/salgadinho-coreano-koony-sabor-frango-frito-de-40g/,2025-11-15T21:17:39,2026-08-21T14:10:12,simple,SLG-KNY-FRG-40G,False,False,12.9,12.9,False,False,in-stock,,,True,1,0,salgadinho-coreano-koony-sabor-frango-frito-de-40g,descriptive,webp,1,,False,512,75,164,False,False,False,False,0.0,0,0,0,0,50,,,comida-e-bebida; salgadinhos,False,False,40g; Coreano; Frango Frito; Koony; Salgadinho,Koony,False,False,4,Ingredientes Principais; Alérgicos; Formato; Calorias,False,0.04,False,,40.0,False,True,True,True,False,False,False,False,False,False,False,False,False,False,False,False,False,False,False
148,Salgadinho Coreano Orion Sabor Milho Agridoce Picante de 35g,salgadinho-coreano-orion-sabor-milho-agridoce-picante-de-35g,https://mimoskorea.com.br/salgadinho-coreano-orion-sabor-milho-agridoce-picante-de-35g/,2025-11-15T21:17:39,2026-04-28T08:35:30,simple,SLG-ORI-MLH-35G,False,False,12.9,12.9,False,False,out-of-stock,Fora de estoque,0,True,1,0,salgadinho-coreano-orion-sabor-milho-agridoce-picante-de-35g,descriptive,webp,1,,False,527,79,172,False,False,False,False,0.0,0,0,0,0,60,,,comida-e-bebida; salgadinhos,False,False,35g; Coreano; Milho Agridoce Picante; Orion; Salgadinho,Orion,False,False,4,Ingredientes Principais; Alérgicos; Formato; Calorias,False,0.04,False,,35.0,False,True,True,True,False,False,False,False,False,False,False,False,False,False,False,False,False,False,False
149,Snack Batata Frita Coreano O’star Orion 30g Sabor Maionese,snack-batata-frita-coreano-ostar-orion-30g-sabor-maionese,https://mimoskorea.com.br/snack-batata-frita-coreano-ostar-orion-30g-sabor-maionese/,2025-11-15T21:17:39,2026-04-28T08:35:40,simple,SNK-BAT-OST-ORI-30G,False,True,12.9,12.9,False,False,out-of-stock,Fora de estoque,0,True,1,0,snack-batata-frita-coreano-o-star-orion-30g-sabores-maionese,descriptive,webp,1,,False,512,76,168,False,False,False,True,1.0,0,0,0,0,58,,,comida-e-bebida; salgadinhos,False,False,30g; Batata Frita; Coreano; O'star; Orion; Snack,O'star; Orion,False,False,4,Ingredientes Principais; Alérgicos; Formato; Calorias,False,0.03,False,,30.0,False,True,True,True,False,False,False,False,False,False,False,False,False,False,False,False,False,False,False
150,Snack Coreano Marine Boy Orion Camarão de 30g,snack-coreano-marine-boy-orion-camarao-de-30g,https://mimoskorea.com.br/snack-coreano-marine-boy-orion-camarao-de-30g/,2025-11-15T21:17:39,2026-05-04T15:56:18,simple,SNK-MRB-ORI-CAM-30G,False,False,12.9,12.9,False,False,out-of-stock,Fora de estoque,0,True,1,0,snack-coreano-marine-boy-orion-camarao-de-30g,descriptive,webp,1,,True,520,79,162,False,False,False,False,0.0,0,0,0,0,45,,,comida-e-bebida; salgadinhos,False,False,30g; Camarão; Coreano; Marine Boy; Orion; Snack,Marine Boy; Orion,False,False,4,Ingredientes Principais; Alérgicos; Formato; Calorias,False,0.03,False,,30.0,False,True,True,True,False,False,False,False,False,False,False,False,False,False,False,False,False,False,False
151,Snack de Batata Coreano Orion Tok 38g Sabores,snack-de-batata-coreano-orion-tok-38g-sabores,https://mimoskorea.com.br/snack-de-batata-coreano-orion-tok-38g-sabores/,2025-11-15T21:17:39,2026-08-21T14:09:48,simple,SNK-BAT-TOK-ORI-38G,False,False,9.99,9.99,False,False,out-of-stock,Fora de estoque,0,True,1,0,snack-de-batata-coreano-orion-tok-38g-sabores-queijo,descriptive,webp,1,,False,504,76,167,False,False,False,False,0.0,0,0,0,0,45,ambiguous_multi_flavour_title,,comida-e-bebida; salgadinhos,False,False,38g; Batata; Coreano; Orion; Snack; Tok,Orion; Tok,False,False,4,Ingredientes Principais; Alérgicos; Formato; Calorias,False,0.04,False,,38.0,False,True,True,True,False,False,False,False,False,False,False,False,False,False,False,False,False,False,False
154,Soju Chum-Churum Lotte Morango de 360ml,soju-chum-churum-lotte-morango-de-360ml,https://mimoskorea.com.br/soju-chum-churum-lotte-morango-de-360ml/,2025-11-15T21:17:40,2026-08-22T10:49:25,simple,SJ-CC-LT-MOR-360,False,False,34.99,34.99,False,False,in-stock,,,True,1,0,soju-chum-churum-lotte-morango-de-360ml,descriptive,webp,1,,False,507,73,142,False,False,False,False,0.0,0,0,0,0,39,,,comida-e-bebida; ofertas-mimos; soju,False,True,360ml; Chum-Churum; Lotte; Morango; Soju,Chum-Churum; Lotte,False,False,4,ABV; Ingredientes; Contém Glúten; Aviso,False,0.75,False,,360.0,False,False,True,True,False,False,False,False,True,True,True,False,False,False,False,True,False,False,False
155,Soju Chum-Churum Lotte Original de 360ml,soju-chum-churum-lotte-original-de-360ml,https://mimoskorea.com.br/soju-chum-churum-lotte-original-de-360ml/,2025-11-15T21:17:40,2026-08-22T10:49:34,simple,SJ-CC-LT-ORI-360,False,False,34.9,34.9,False,False,out-of-stock,Fora de estoque,0,True,1,0,soju-chum-churum-lotte-original-de-360ml,descriptive,webp,1,,False,505,73,155,False,False,False,False,0.0,0,0,0,0,40,,,bebidas; ofertas-mimos; soju,False,True,360ml; Chum-Churum; Lotte; Original; Soju,Chum-Churum; Lotte,False,False,4,ABV; Ingredientes; Contém Glúten; Aviso,False,0.75,False,,360.0,False,False,True,True,False,False,False,False,True,True,True,False,False,False,False,True,False,False,False
156,Soju Chum-Churum Lotte Pêssego de 360ml,soju-chum-churum-lotte-pessego-de-360ml,https://mimoskorea.com.br/soju-chum-churum-lotte-pessego-de-360ml/,2025-11-15T21:17:40,2026-08-22T10:49:56,simple,SJ-CC-LT-PES-360,False,False,0.0,0.0,False,True,in-stock,,,False,1,0,soju-chum-churum-lotte-pessego-de-360ml,descriptive,webp,1,,False,488,72,136,False,False,False,False,0.0,0,0,0,0,39,,,bebidas; comida-e-bebida; ofertas-mimos; soju,False,True,360ml; Chum-Churum; Lotte; Pêssego; Soju,Chum-Churum; Lotte,False,False,4,ABV; Ingredientes; Contém Glúten; Aviso,False,,True,length; width; height,360.0,False,False,True,True,False,False,False,False,True,True,True,False,False,False,False,True,False,False,False
160,Topokki Yopokki Youngpoong Coreano 120g Copo Sabores,topokki-yopokki-youngpoong-coreano-120g-copo-sabores,https://mimoskorea.com.br/topokki-yopokki-youngpoong-coreano-120g-copo-sabores/,2025-11-15T21:17:41,2026-04-28T16:02:45,simple,TPK-YPK-YPG-120G,False,False,25.99,25.99,False,False,out-of-stock,Fora de estoque,0,True,1,0,topokki-yopokki-youngpoong-coreano-120g-copo-sabores-tradicional,descriptive,webp,1,,False,588,83,175,False,False,False,False,0.0,0,0,0,0,52,ambiguous_multi_flavour_title,,comida-e-bebida; ramyeon,False,False,120g; Copo; Coreano; Topokki; Yopokki; Youngpoong,Yopokki; Youngpoong,False,False,4,Ingredientes Principais; Alérgicos; Preparação; Calorias,False,0.12,False,,120.0,False,True,True,True,False,False,False,False,False,False,False,False,False,False,False,False,False,False,False
231,Snack Batata Frita Coreano O’star Orion 30g Sabor Kimchi,snack-batata-frita-coreano-ostar-orion-30g-sabor-kimchi,https://mimoskorea.com.br/snack-batata-frita-coreano-ostar-orion-30g-sabor-kimchi/,2025-11-18T19:31:26,2026-04-28T08:34:27,simple,SNK-BAT-OST-ORI-30G,False,True,12.9,12.9,False,False,out-of-stock,Fora de estoque,0,True,1,0,snack-batata-frita-coreano-o-star-orion-30g-sabores-kimchi,descriptive,webp,1,,False,512,76,168,False,False,False,True,1.0,0,0,0,0,56,,,comida-e-bebida; salgadinhos,False,False,30g; Batata Frita; Coreano; O'star; Orion; Snack,O'star; Orion,False,False,4,Ingredientes Principais; Alérgicos; Formato; Calorias,False,0.03,False,,30.0,False,True,True,True,False,False,False,False,False,False,False,False,False,False,False,False,False,False,False
233,Snack Batata Frita Coreano O’star Orion 30g Sabor Barbecue de Frango,snack-batata-frita-coreano-ostar-orion-30g-sabor-barbecue-de-frango,https://mimoskorea.com.br/snack-batata-frita-coreano-ostar-orion-30g-sabor-barbecue-de-frango/,2025-11-18T19:33:13,2026-04-28T08:34:17,simple,SNK-BAT-OST-ORI-30G,False,True,12.9,12.9,False,False,out-of-stock,Fora de estoque,0,True,1,0,snack-batata-frita-coreano-o-star-orion-30g-sabores-frango-barbecue,descriptive,webp,1,,False,512,76,168,False,False,False,True,1.0,0,0,0,0,68,,,comida-e-bebida; salgadinhos,False,False,30g; Batata Frita; Coreano; O'star; Orion; Snack,O'star; Orion,False,False,4,Ingredientes Principais; Alérgicos; Formato; Calorias,False,0.03,False,,30.0,False,True,True,True,False,False,False,False,False,False,False,False,False,False,False,False,False,False,False
235,Snack Batata Frita Coreano O’star Orion 30g Sabor Queijo Duplo,snack-batata-frita-coreano-ostar-orion-30g-sabor-queijo-duplo,https://mimoskorea.com.br/snack-batata-frita-coreano-ostar-orion-30g-sabor-queijo-duplo/,2025-11-18T19:35:08,2026-04-28T08:33:08,simple,SNK-BAT-OST-ORI-30G,False,True,12.9,12.9,False,False,out-of-stock,Fora de estoque,0,True,1,0,snack-batata-frita-coreano-o-star-orion-30g-sabores-duplo-queijo,descriptive,webp,1,,False,512,76,168,False,False,False,True,1.0,0,0,0,0,62,,,comida-e-bebida; salgadinhos,False,False,30g; Batata Frita; Coreano; O'star; Orion; Snack,O'star; Orion,False,False,4,Ingredientes Principais; Alérgicos; Formato; Calorias,False,0.03,False,,30.0,False,True,True,True,False,False,False,False,False,False,False,False,False,False,False,False,False,False,False
237,Snack Batata Frita Coreano O’star Orion 30g Sabor Bife Americano,snack-batata-frita-coreano-ostar-orion-30g-sabor-bife-americano,https://mimoskorea.com.br/snack-batata-frita-coreano-ostar-orion-30g-sabor-bife-americano/,2025-11-18T19:36:06,2026-04-28T08:32:47,simple,SNK-BAT-OST-ORI-30G,False,True,12.9,12.9,False,False,out-of-stock,Fora de estoque,0,True,1,0,snack-batata-frita-coreano-o-star-orion-30g-sabores-bife-americano-ny,descriptive,webp,1,,False,512,76,168,False,False,False,True,1.0,0,0,0,0,64,,,comida-e-bebida; salgadinhos,False,False,30g; Batata Frita; Coreano; O'star; Orion; Snack,O'star; Orion,False,False,4,Ingredientes Principais; Alérgicos; Formato; Calorias,False,0.03,False,,30.0,False,True,True,True,False,False,False,False,False,False,False,False,False,False,False,False,False,False,False
242,Refresco Coreano Sac Sac Lotte 238ml Sabor Uva Verde,refresco-coreano-sac-sac-lotte-238ml-sabor-uva-verde,https://mimoskorea.com.br/refresco-coreano-sac-sac-lotte-238ml-sabor-uva-verde/,2025-11-18T21:08:18,2026-08-21T14:09:24,simple,REF-SAC-LT-238,False,True,12.9,12.9,False,False,out-of-stock,Fora de estoque,0,True,1,0,refresco-coreano-sac-sac-lotte-238ml-sabor-uva-com-pedacos,descriptive,webp,1,,False,519,77,163,False,False,False,True,0.75,0,0,0,0,52,,,bebidas; comida-e-bebida,False,False,238ml; Coreano; Lotte; Refresco; Sac Sac,Lotte; Sac Sac,False,False,4,Ingredientes Principais; Teor de Fruta; Formato; Açúcar,False,0.28,False,,238.0,False,False,True,False,False,False,False,False,False,False,False,False,False,False,False,False,False,False,False
253,Refresco Coreano Sac Sac Lotte 240ml Sabor Uva Verde,refresco-coreano-sac-sac-lotte-238ml-sabor-uva-verde-2,https://mimoskorea.com.br/refresco-coreano-sac-sac-lotte-238ml-sabor-uva-verde-2/,2025-11-18T21:16:02,2026-04-28T08:26:07,simple,REF-SAC-LT-238,False,True,9.99,9.99,False,False,out-of-stock,Fora de estoque,0,True,1,0,refresco-coreano-sac-sac-lotte-240ml-sabor-uva-com-pedacos,descriptive,webp,1,,False,519,77,163,False,False,False,False,0.75,0,0,0,0,52,,numeric_suffix(slug_collision),bebidas; comida-e-bebida,False,False,238ml; Coreano; Lotte; Refresco; Sac Sac,Lotte; Sac Sac,False,False,4,Ingredientes Principais; Teor de Fruta; Formato; Açúcar,False,0.28,False,,240.0,False,False,True,False,False,False,False,False,False,False,False,False,False,False,False,False,False,False,False
259,Bolinho Coreano ChocoPie Chocolate 180g Orion | Caixa com 6 Unidades | Recheio Cremoso | Sem Glúten | Mimos Korea,bolinho-coreano-choco-pie-lotte-chocolate-original-com-marshmallow,https://mimoskorea.com.br/bolinho-coreano-choco-pie-lotte-chocolate-original-com-marshmallow/,2025-11-18T21:37:49,2026-09-12T09:38:16,simple,BLN-CHP-LT-CHC,False,True,25.9,25.9,False,False,in-stock,,,True,2,0,bolinho-coreano-choco-pie-lotte-chocolate-original; br-11134207-820m6-mrltqcy2ja4naa,descriptive; shopee_cdn_hash,webp; png,2,,False,795,138,795,False,False,False,False,0.17,0,9,9,7,113,longer_than_70_chars; pipe_keyword_stuffing; store_name_in_title,,comida-e-bebida; doces; ofertas-mimos,False,True,Bolinho; Choco Pie; Chocolate; Coreano; Lotte; Marshmallow,Choco Pie; Lotte,False,False,4,Ingredientes Principais; Alérgicos; Formato; Calorias,False,0.05,False,,180.0,True,True,True,True,False,False,True,False,False,False,False,False,False,False,False,False,False,False,False
263,Biscoito de Arroz Coreano O’Rice Orion 129g Sabor Natural,biscoito-de-arroz-coreano-orice-orion-129g-sabor-natural,https://mimoskorea.com.br/biscoito-de-arroz-coreano-orice-orion-129g-sabor-natural/,2025-11-18T22:04:37,2026-04-28T08:24:56,simple,BSC-ARR-ORC-ORI-129G,False,True,25.9,25.9,False,False,out-of-stock,Fora de estoque,0,True,1,0,biscoito-de-arroz-coreano-o-rice-orion-129g-sabores-natural,descriptive,webp,1,,False,642,100,159,False,False,False,True,1.0,0,0,0,0,57,,,biscoitos; comida-e-bebida,False,False,129g; Biscoito de Arroz; Coreano; O'Rice; Orion,O'Rice; Orion,False,False,4,Tipo; Ingredientes Principais; Alérgicos; Calorias,False,0.15,False,,129.0,False,True,True,True,False,False,False,False,False,False,False,False,False,False,False,False,False,False,False
265,Biscoito de Arroz Coreano O’Rice Orion 129g Sabor Alga,biscoito-de-arroz-coreano-orice-orion-129g-sabor-alga,https://mimoskorea.com.br/biscoito-de-arroz-coreano-orice-orion-129g-sabor-alga/,2025-11-18T22:07:01,2026-04-28T08:24:48,simple,BSC-ARR-ORC-ORI-129G,False,True,25.9,25.9,False,False,out-of-stock,Fora de estoque,0,True,1,0,biscoito-de-arroz-coreano-o-rice-orion-129g-sabores-alga,descriptive,webp,1,,False,642,100,159,False,False,False,True,1.0,0,0,0,0,54,,,biscoitos; comida-e-bebida,False,False,129g; Biscoito de Arroz; Coreano; O'Rice; Orion,O'Rice; Orion,False,False,4,Tipo; Ingredientes Principais; Alérgicos; Calorias,False,0.15,False,,129.0,False,True,True,True,False,False,False,False,False,False,False,False,False,False,False,False,False,False,False
269,Biscoito Coreano Pepero Lotte 47g Sabor Original,biscoito-coreano-pepero-lotte-47g-sabor-original,https://mimoskorea.com.br/biscoito-coreano-pepero-lotte-47g-sabor-original/,2025-11-18T22:19:01,2026-04-28T08:24:36,simple,BSC-PPR-LT-47G,False,True,19.99,19.99,False,False,out-of-stock,Fora de estoque,0,True,1,0,biscoito-coreano-pepero-lotte-47g-sabores-original,descriptive,webp,1,,False,680,100,178,False,False,False,True,1.0,0,0,0,0,48,,,biscoitos; comida-e-bebida,False,False,47g; Biscoito; Coreano; Lotte; Pepero,Lotte; Pepero,False,False,4,Ingredientes Principais; Alérgicos; Formato; Calorias,False,0.05,False,,47.0,False,True,True,True,False,False,False,False,False,False,False,False,False,False,False,False,False,False,False
271,Biscoito Coreano Pepero Lotte 47g Sabor Choco Cookie,biscoito-coreano-pepero-lotte-47g-sabor-choco-cookie,https://mimoskorea.com.br/biscoito-coreano-pepero-lotte-47g-sabor-choco-cookie/,2025-11-18T22:20:49,2026-04-28T08:24:25,simple,BSC-PPR-LT-47G,False,True,19.99,19.99,False,False,out-of-stock,Fora de estoque,0,True,1,0,biscoito-coreano-pepero-lotte-47g-sabores-choco-cookie,descriptive,webp,1,,False,680,100,178,False,False,False,True,1.0,0,0,0,0,52,,,biscoitos; comida-e-bebida,False,False,47g; Biscoito; Coreano; Lotte; Pepero,Lotte; Pepero,False,False,4,Ingredientes Principais; Alérgicos; Formato; Calorias,False,0.05,False,,47.0,False,True,True,True,False,False,False,False,False,False,False,False,False,False,False,False,False,False,False
273,Biscoito Coreano Pepero Lotte 47g Sabor Amêndoa,biscoito-coreano-pepero-lotte-47g-sabor-amendoa,https://mimoskorea.com.br/biscoito-coreano-pepero-lotte-47g-sabor-amendoa/,2025-11-18T22:21:33,2026-04-28T08:24:19,simple,BSC-PPR-LT-47G,False,True,19.99,19.99,False,False,out-of-stock,Fora de estoque,0,True,1,0,biscoito-coreano-pepero-lotte-47g-sabores-almond,descriptive,webp,1,,False,680,100,178,False,False,False,True,1.0,0,0,0,0,47,,,biscoitos; comida-e-bebida,False,False,47g; Biscoito; Coreano; Lotte; Pepero,Lotte; Pepero,False,False,4,Ingredientes Principais; Alérgicos; Formato; Calorias,False,0.05,False,,47.0,False,True,True,True,False,False,False,False,False,False,False,False,False,False,False,False,False,False,False
277,Bebida Coreana Refrigerante Leite Milkis Lotte 250ml Sabor Melão,bebida-coreana-refrigerante-leite-milkis-lotte-250ml-sabor-melao,https://mimoskorea.com.br/bebida-coreana-refrigerante-leite-milkis-lotte-250ml-sabor-melao/,2025-11-19T12:56:09,2026-04-28T08:24:08,simple,REF-MLK-LT-250,False,True,12.9,12.9,False,False,out-of-stock,Fora de estoque,0,True,1,0,bebida-coreana-refrigerante-leite-milkis-lotte-250ml-sabores-melao,descriptive,webp,1,,False,687,104,192,False,False,False,True,1.0,0,0,0,0,64,,,comida-e-bebida; refrigerantes,False,False,250ml; Coreano; Lotte; Milkis; Refrigerante Leite,Lotte; Milkis,False,False,4,Tipo; Teor de Leite; Corantes Artificiais; Cafeína,False,0.28,False,,250.0,False,False,False,False,False,False,False,False,False,False,False,False,False,False,False,False,False,False,False
279,Bebida Coreana Refrigerante Leite Milkis Lotte 250ml Sabor Banana,bebida-coreana-refrigerante-leite-milkis-lotte-250ml-sabor-banana,https://mimoskorea.com.br/bebida-coreana-refrigerante-leite-milkis-lotte-250ml-sabor-banana/,2025-11-19T12:56:55,2026-08-21T14:08:32,simple,REF-MLK-LT-250,False,True,12.9,12.9,False,False,out-of-stock,Fora de estoque,0,True,1,0,bebida-coreana-refrigerante-leite-milkis-lotte-250ml-sabores-banana,descriptive,webp,1,,False,687,104,192,False,False,False,True,1.0,0,0,0,0,65,,,comida-e-bebida; refrigerantes,False,False,250ml; Coreano; Lotte; Milkis; Refrigerante Leite,Lotte; Milkis,False,False,4,Tipo; Teor de Leite; Corantes Artificiais; Cafeína,False,0.28,False,,250.0,False,False,False,False,False,False,False,False,False,False,False,False,False,False,False,False,False,False,False
281,Bebida Coreana Refrigerante Leite Milkis Lotte 250ml Sabor Uva,bebida-coreana-refrigerante-leite-milkis-lotte-250ml-sabor-uva,https://mimoskorea.com.br/bebida-coreana-refrigerante-leite-milkis-lotte-250ml-sabor-uva/,2025-11-19T12:57:50,2026-04-28T08:23:58,simple,REF-MLK-LT-250,False,True,12.9,12.9,False,False,out-of-stock,Fora de estoque,0,True,1,0,bebida-coreana-refrigerante-leite-milkis-lotte-250ml-sabor-uva,descriptive,webp,1,,False,687,104,192,False,False,False,True,1.0,0,0,0,0,62,,,comida-e-bebida; refrigerantes,False,False,250ml; Coreano; Lotte; Milkis; Refrigerante Leite,Lotte; Milkis,False,False,4,Tipo; Teor de Leite; Corantes Artificiais; Cafeína,False,0.28,False,,250.0,False,False,False,False,False,False,False,False,False,False,False,False,False,False,False,False,False,False,False
283,Bebida Coreana Refrigerante Leite Milkis Lotte 250ml Sabor Morango,bebida-coreana-refrigerante-leite-milkis-lotte-250ml-sabor-morango,https://mimoskorea.com.br/bebida-coreana-refrigerante-leite-milkis-lotte-250ml-sabor-morango/,2025-11-19T12:58:34,2026-04-29T14:42:05,simple,REF-MLK-LT-250,False,True,12.9,12.9,False,False,out-of-stock,Fora de estoque,0,True,1,0,bebida-coreana-refrigerante-leite-milkis-lotte-250ml-sabor-morango,descriptive,webp,1,,False,687,104,192,False,False,False,True,1.0,0,0,0,0,66,,,comida-e-bebida; refrigerantes,False,False,250ml; Coreano; Lotte; Milkis; Refrigerante Leite,Lotte; Milkis,False,False,4,Tipo; Teor de Leite; Corantes Artificiais; Cafeína,False,0.28,False,,250.0,False,False,False,False,False,False,False,False,False,False,False,False,False,False,False,False,False,False,False
285,Bebida Coreana Refrigerante Leite Milkis Lotte 250ml Sabor Pêssego,bebida-coreana-refrigerante-leite-milkis-lotte-250ml-sabor-pessego,https://mimoskorea.com.br/bebida-coreana-refrigerante-leite-milkis-lotte-250ml-sabor-pessego/,2025-11-19T12:59:21,2026-08-21T14:08:16,simple,REF-MLK-LT-250,False,True,12.9,12.9,False,False,out-of-stock,Fora de estoque,0,True,1,0,bebida-coreana-refrigerante-leite-milkis-lotte-250ml-sabor-pessego,descriptive,webp,1,,False,687,104,192,False,False,False,True,1.0,0,0,0,0,66,,,comida-e-bebida; refrigerantes,False,False,250ml; Coreano; Lotte; Milkis; Refrigerante Leite,Lotte; Milkis,False,False,4,Tipo; Teor de Leite; Corantes Artificiais; Cafeína,False,0.28,False,,250.0,False,False,False,False,False,False,False,False,False,False,False,False,False,False,False,False,False,False,False
810,"Soju Coreano Lotte Chum Churum 360ml Sabor Maçã Verde , Koreia, Kpop",soju-coreano-lotte-chum-churum-360ml-sabor-maca-verde-koreia-kpop,https://mimoskorea.com.br/soju-coreano-lotte-chum-churum-360ml-sabor-maca-verde-koreia-kpop/,2026-08-22T09:55:07,2026-08-22T10:50:04,simple,,True,False,34.99,34.99,False,False,in-stock,,,True,3,0,soju-chum-churum-lotte-maca-verde-de-360ml; maca; br-11134207-820lc-mralsmujhipye8,descriptive; junk_name; shopee_cdn_hash,webp; png; png,3,,False,1124,188,425,False,False,False,True,1.0,0,33,7,6,68,keyword_list_in_title; spelling_error,,bebidas; ofertas-mimos; soju,False,True,,Lotte,False,False,0,,False,0.6,False,,360.0,False,False,False,False,False,False,True,False,False,False,False,False,False,False,False,False,False,False,False
813,"Soju Coreano Lotte Chum Churum 360ml Sabor Blueberry , Koreia, Kpop",soju-coreano-lotte-chum-churum-360ml-sabor-blueberry-koreia-kpop,https://mimoskorea.com.br/soju-coreano-lotte-chum-churum-360ml-sabor-blueberry-koreia-kpop/,2026-08-22T09:58:48,2026-08-22T10:50:12,simple,,True,False,34.99,34.99,False,False,in-stock,,,True,3,0,soju-chum-churum-lotte-blueberry-de-360ml; br-11134207-820lc-mralsmujhipye8; blue,descriptive; shopee_cdn_hash; junk_name,webp; png; png,3,812,False,1124,188,425,False,False,False,True,1.0,0,33,7,6,67,keyword_list_in_title; spelling_error,,bebidas; ofertas-mimos; soju,False,True,,Lotte,False,False,0,,False,0.6,False,,360.0,False,False,False,False,False,False,True,False,False,False,False,False,False,False,False,False,False,False,False
815,"Soju Coreano Lotte Chum Churum 360ml Sabor Lichia, Koreia, Kpop",soju-coreano-lotte-chum-churum-360ml-sabor-lichia-koreia-kpop,https://mimoskorea.com.br/soju-coreano-lotte-chum-churum-360ml-sabor-lichia-koreia-kpop/,2026-08-22T10:00:50,2026-08-22T10:50:18,simple,,True,False,34.99,34.99,False,False,in-stock,,,True,2,1,lichia; br-11134207-820lc-mralsmujhipye8,junk_name; shopee_cdn_hash,png; png,3,812,False,1124,188,425,False,False,False,True,1.0,0,33,7,6,63,keyword_list_in_title; spelling_error,,bebidas; ofertas-mimos,False,True,,Lotte,False,False,0,,False,0.6,False,,360.0,False,False,False,False,False,False,True,False,False,False,False,False,False,False,False,False,False,False,False
817,"Soju Coreano Lotte Chum Churum 360ml Sabor Ameixa, Koreia, Kpop",soju-coreano-lotte-chum-churum-360ml-sabor-ameixa-koreia-kpop,https://mimoskorea.com.br/soju-coreano-lotte-chum-churum-360ml-sabor-ameixa-koreia-kpop/,2026-08-22T10:03:25,2026-08-22T10:50:27,simple,,True,False,34.99,34.99,False,False,in-stock,,,True,2,1,ameixa; br-11134207-820lc-mralsmujhipye8,junk_name; shopee_cdn_hash,png; png,3,812,False,1124,188,425,False,False,False,True,1.0,0,33,7,6,63,keyword_list_in_title; spelling_error,,bebidas; ofertas-mimos; soju,False,True,,Lotte,False,False,0,,False,0.6,False,,360.0,False,False,False,False,False,False,True,False,False,False,False,False,False,False,False,False,False,False,False
819,Soju Coreano Lotte Saero 360ml Sabor Original Sem Açúcar,soju-coreano-lotte-saero-360ml-sabor-original-sem-acucar,https://mimoskorea.com.br/soju-coreano-lotte-saero-360ml-sabor-original-sem-acucar/,2026-08-22T10:06:38,2026-08-22T10:06:38,simple,,True,False,39.99,39.99,False,False,in-stock,,,True,2,1,oris; br-11134207-820lc-mralsmujhipye8,junk_name; shopee_cdn_hash,png; png,3,812,False,1124,188,425,False,False,False,True,1.0,0,33,7,6,56,,,ofertas-mimos; soju,False,True,,Lotte,False,False,0,,False,0.6,False,,360.0,False,False,False,False,False,False,True,False,False,False,False,False,False,False,False,False,False,False,False
822,Soju Coreano Lotte Saero 360ml Sabor Lichia Sem Açúcar,soju-coreano-lotte-saero-360ml-sabor-lichia-sem-acucar,https://mimoskorea.com.br/soju-coreano-lotte-saero-360ml-sabor-lichia-sem-acucar/,2026-08-22T10:08:46,2026-08-22T10:08:46,simple,,True,False,39.99,39.99,False,False,in-stock,,,True,2,1,lichia sem; br-11134207-820lc-mralsmujhipye8,short_or_unclear; shopee_cdn_hash,png; png,3,,False,1146,191,425,False,False,False,False,0.9,0,33,7,6,54,,,ofertas-mimos; soju,False,True,,Lotte,False,False,0,,False,0.6,False,,360.0,False,False,False,False,False,False,True,False,False,False,False,False,False,False,False,False,False,False,False
825,Soju Coreano Lotte Saero 360ml Sabor Damasco Sem Açúcar,soju-coreano-lotte-saero-360ml-sabor-damasco-sem-acucar,https://mimoskorea.com.br/soju-coreano-lotte-saero-360ml-sabor-damasco-sem-acucar/,2026-08-22T10:10:13,2026-08-22T10:10:13,simple,,True,False,39.99,39.99,False,False,in-stock,,,True,2,1,damasco; br-11134207-820lc-mralsmujhipye8,junk_name; shopee_cdn_hash,png; png,3,824,False,1124,188,425,False,False,False,True,1.0,0,33,7,6,55,,,ofertas-mimos; soju,False,True,,Lotte,False,False,0,,False,0.6,False,,360.0,False,False,False,False,False,False,True,False,False,False,False,False,False,False,False,False,False,False,False
827,Soju Coreano Lotte Saero 360ml Sabor Kiwi Sem Açúcar,soju-coreano-lotte-saero-360ml-sabor-kiwi-sem-acucar,https://mimoskorea.com.br/soju-coreano-lotte-saero-360ml-sabor-kiwi-sem-acucar/,2026-08-22T10:12:16,2026-08-22T10:12:16,simple,,True,False,39.99,39.99,False,False,in-stock,,,True,2,1,kiwi; br-11134207-820lc-mralsmujhipye8,junk_name; shopee_cdn_hash,png; png,3,824,False,1124,188,0,False,False,True,True,1.0,0,33,0,6,52,,,ofertas-mimos; soju,False,True,,Lotte,False,False,0,,False,0.6,False,,360.0,False,False,False,False,False,False,True,False,False,False,False,False,False,False,False,False,False,False,False
829,Kit 6 Soju Coreano Lotte | Sabor Sortido | Bebidas Coreanas | Mimos Korea,kit-6-soju-coreano-lotte-sabor-sortido-bebidas-coreanas-mimos-korea,https://mimoskorea.com.br/kit-6-soju-coreano-lotte-sabor-sortido-bebidas-coreanas-mimos-korea/,2026-08-22T10:17:46,2026-08-22T10:17:46,simple,,True,False,199.99,199.99,False,False,in-stock,,,True,2,0,kit6; br-11134207-820lc-mralsmujhipye8,junk_name; shopee_cdn_hash,png; png,2,824,False,1227,211,479,False,False,False,False,0.08,0,30,7,7,73,longer_than_70_chars; pipe_keyword_stuffing; store_name_in_title,,ofertas-mimos; soju,False,True,,Lotte,False,False,0,,False,3.5,False,,,False,False,False,False,False,False,True,False,False,False,False,False,False,False,False,False,False,False,False
831,Kit Soju Coreano Sem Açúcar Lotte | 4 Garrafas de 360ml | Sabores | Mimos Korea Design,kit-soju-coreano-sem-acucar-lotte-4-garrafas-de-360ml-sabores-mimos-korea-design,https://mimoskorea.com.br/kit-soju-coreano-sem-acucar-lotte-4-garrafas-de-360ml-sabores-mimos-korea-design/,2026-08-22T10:19:55,2026-08-22T10:19:55,simple,,True,False,155.99,155.99,False,False,in-stock,,,True,6,0,kit saero; kiwi; damasco; lichia sem; oris; br-11134207-820lc-mralsmujhipye8,short_or_unclear; junk_name; junk_name; short_or_unclear; junk_name; shopee_cdn_hash,png; png; png; png; png; png,6,828; 826; 823; 820; 812,False,1090,195,0,False,False,True,False,0.0,0,32,0,5,86,longer_than_70_chars; pipe_keyword_stuffing; store_name_in_title; ambiguous_multi_flavour_title,too_long,ofertas-mimos; soju,False,True,,Lotte,False,False,0,,False,2.5,False,,360.0,False,False,False,False,False,False,True,False,False,False,False,False,False,False,False,False,False,False,False
833,Mamadeira Chuyin 280ml Vidro | Bebida Cremosa | Sabor Original | Importada | Mimos Korea,mamadeira-chuyin-280ml-vidro-bebida-cremosa-sabor-original-importada-mimos-korea,https://mimoskorea.com.br/mamadeira-chuyin-280ml-vidro-bebida-cremosa-sabor-original-importada-mimos-korea/,2026-08-22T10:24:07,2026-08-22T10:29:29,simple,,True,False,19.99,19.99,False,False,in-stock,,,True,3,0,mamas; br-11134207-820lf-mqbyej9kqo02df; 1,junk_name; shopee_cdn_hash; junk_name,png; png; png,3,,False,745,123,342,False,False,False,True,0.5,0,23,6,5,88,longer_than_70_chars; pipe_keyword_stuffing; store_name_in_title,too_long,bebidas; ofertas-mimos,False,True,,,True,False,0,,False,0.3,False,,280.0,False,False,False,False,False,False,True,False,False,False,False,True,False,False,False,False,False,False,False
838,Mamadeira Chuyin 280ml Vidro | Bebida Cremosa | Sabor Manga | Importada | Mimos Korea,mamadeira-chuyin-280ml-vidro-bebida-cremosa-sabor-manga-importada-mimos-korea,https://mimoskorea.com.br/mamadeira-chuyin-280ml-vidro-bebida-cremosa-sabor-manga-importada-mimos-korea/,2026-08-22T10:26:57,2026-08-22T10:26:57,simple,,True,False,19.99,19.99,False,False,in-stock,,,True,4,0,br-11134207-820lc-mqbyej9vtla858; br-11134207-820lf-mqbyej9kqo02df; 1; asasa,shopee_cdn_hash; shopee_cdn_hash; junk_name; junk_name,png; png; png; png,4,837; 836; 834,False,711,117,341,False,False,False,False,0.4,0,22,6,5,85,longer_than_70_chars; pipe_keyword_stuffing; store_name_in_title,too_long,bebidas; ofertas-mimos,False,True,,,True,False,0,,False,0.3,False,,280.0,False,False,False,False,False,False,True,False,False,False,False,True,False,False,False,False,False,False,False
840,Mamadeira Chuyin 280ml Vidro | Bebida Cremosa | Sabor Melão | Importada | Mimos Korea,mamadeira-chuyin-280ml-vidro-bebida-cremosa-sabor-melao-importada-mimos-korea,https://mimoskorea.com.br/mamadeira-chuyin-280ml-vidro-bebida-cremosa-sabor-melao-importada-mimos-korea/,2026-08-22T10:29:18,2026-08-22T10:29:18,simple,,True,False,19.99,19.99,False,False,in-stock,,,True,3,0,melao; br-11134207-820lf-mqbyej9kqo02df; 1,junk_name; shopee_cdn_hash; junk_name,png; png; png,3,837; 836,False,745,123,0,False,False,True,True,0.5,0,23,0,5,85,longer_than_70_chars; pipe_keyword_stuffing; store_name_in_title,too_long,bebidas; ofertas-mimos,False,True,,,True,False,0,,False,0.3,False,,280.0,False,False,False,False,False,False,True,False,False,False,False,True,False,False,False,False,False,False,False
842,Suco com Pedaços Yantai Sabor Morango 238ml | Bebida Importada | Mimos Korea,suco-com-pedacos-yantai-sabor-morango-238ml-bebida-importada-mimos-korea,https://mimoskorea.com.br/suco-com-pedacos-yantai-sabor-morango-238ml-bebida-importada-mimos-korea/,2026-08-22T10:35:30,2026-08-22T10:35:30,simple,,True,False,12.99,12.99,False,False,in-stock,,,True,3,1,morango; sasdasd; Capturar,junk_name; junk_name; screenshot,png; png; png,4,,False,646,111,646,False,False,False,True,1.0,0,12,12,0,76,longer_than_70_chars; pipe_keyword_stuffing; store_name_in_title,,bebidas; ofertas-mimos,False,True,,,True,False,0,,False,0.2,False,,238.0,True,False,False,False,False,False,True,False,False,False,False,False,False,False,False,False,False,False,False
846,Suco com Pedaços Yantai Sabor Pêssego 238ml | Bebida Importada | Mimos Korea,suco-com-pedacos-yantai-sabor-pessego-238ml-bebida-importada-mimos-korea,https://mimoskorea.com.br/suco-com-pedacos-yantai-sabor-pessego-238ml-bebida-importada-mimos-korea/,2026-08-22T10:37:21,2026-08-22T10:37:21,simple,,True,False,12.99,12.99,False,False,in-stock,,,True,3,0,pessego; dsdsdssdsdsds; Capturar,junk_name; short_or_unclear; screenshot,png; png; png,3,843,False,646,111,646,False,False,False,True,1.0,0,12,12,0,76,longer_than_70_chars; pipe_keyword_stuffing; store_name_in_title,,bebidas; ofertas-mimos,False,True,,,True,False,0,,False,0.2,False,,238.0,True,False,False,False,False,False,True,False,False,False,False,False,False,False,False,False,False,False,False
849,Suco com Pedaços Yantai Sabor Uva 238ml | Bebida Importada | Mimos Korea,suco-com-pedacos-yantai-sabor-uva-238ml-bebida-importada-mimos-korea,https://mimoskorea.com.br/suco-com-pedacos-yantai-sabor-uva-238ml-bebida-importada-mimos-korea/,2026-08-22T10:39:34,2026-08-22T10:39:34,simple,,True,False,12.99,12.99,False,False,in-stock,,,True,3,0,uva; sdsd; Capturar,junk_name; junk_name; screenshot,png; png; png,3,843,False,646,111,646,False,False,False,True,1.0,0,12,12,0,72,longer_than_70_chars; pipe_keyword_stuffing; store_name_in_title,,bebidas; ofertas-mimos,False,True,,,True,False,0,,False,0.2,False,,238.0,True,False,False,False,False,False,True,False,False,False,False,False,False,False,False,False,False,False,False
852,Suco com Pedaços Yantai Sabor Lichia 238ml | Bebida Importada | Mimos Korea,suco-com-pedacos-yantai-sabor-lichia-238ml-bebida-importada-mimos-korea,https://mimoskorea.com.br/suco-com-pedacos-yantai-sabor-lichia-238ml-bebida-importada-mimos-korea/,2026-08-22T10:40:57,2026-08-23T12:20:17,simple,,True,False,12.99,12.99,False,False,in-stock,,,True,3,0,lichia; dsdsdssdsdsds; Capturar,junk_name; short_or_unclear; screenshot,png; png; png,3,843,False,646,111,646,False,False,False,True,1.0,0,12,12,0,75,longer_than_70_chars; pipe_keyword_stuffing; store_name_in_title,,bebidas; ofertas-mimos,False,True,,,True,False,0,,False,0.2,False,,238.0,True,False,False,False,False,False,True,False,False,False,False,False,False,False,False,False,False,False,False
855,Bebida Suco com Pedaços Chuyin 500ml Sabor Morango | Bebida Importada | Mimos Korea,bebida-suco-com-pedacos-chuyin-500ml-sabor-morango-bebida-importada-mimos-korea,https://mimoskorea.com.br/bebida-suco-com-pedacos-chuyin-500ml-sabor-morango-bebida-importada-mimos-korea/,2026-08-22T11:14:59,2026-09-05T04:21:47,simple,,True,False,15.99,15.99,False,False,in-stock,,,True,2,0,morango; br-11134207-81z1k-min2vvuzs8au88,junk_name; shopee_cdn_hash,png; png,2,,False,778,135,778,False,False,False,True,1.0,0,18,18,0,83,longer_than_70_chars; pipe_keyword_stuffing; store_name_in_title,too_long,bebidas; ofertas-mimos,False,True,,,True,False,0,,False,0.3,False,,500.0,True,False,False,False,False,False,True,False,False,False,False,False,False,False,False,False,False,False,False
858,Bebida Suco com Pedaços Chuyin 500ml Sabor Uva | Bebida Importada | Mimos Korea,bebida-suco-com-pedacos-chuyin-500ml-sabor-uva-bebida-importada-mimos-korea,https://mimoskorea.com.br/bebida-suco-com-pedacos-chuyin-500ml-sabor-uva-bebida-importada-mimos-korea/,2026-08-22T11:16:11,2026-09-05T04:21:47,simple,,True,False,15.99,15.99,False,False,in-stock,,,True,2,0,uva; br-11134207-81z1k-min2vvuzs8au88,junk_name; shopee_cdn_hash,png; png,2,857,False,778,135,778,False,False,False,True,1.0,0,18,18,0,79,longer_than_70_chars; pipe_keyword_stuffing; store_name_in_title,,ofertas-mimos,True,True,,,True,False,0,,False,0.3,False,,500.0,True,False,False,False,False,False,True,False,False,False,False,False,False,False,False,False,False,False,False
860,Bebida Suco com Pedaços Chuyin 500ml Sabor Lichia | Bebida Importada | Mimos Korea,bebida-suco-com-pedacos-chuyin-500ml-sabor-lichia-bebida-importada-mimos-korea,https://mimoskorea.com.br/bebida-suco-com-pedacos-chuyin-500ml-sabor-lichia-bebida-importada-mimos-korea/,2026-08-22T11:17:11,2026-09-05T04:21:47,simple,,True,False,15.99,15.99,False,False,in-stock,,,True,3,0,lichia; br-11134207-81z1k-min2vvv8d98j27; br-11134207-81z1k-min2vvuzs8au88,junk_name; shopee_cdn_hash; shopee_cdn_hash,png; png; png,3,857,False,778,135,778,False,False,False,True,1.0,0,18,18,0,82,longer_than_70_chars; pipe_keyword_stuffing; store_name_in_title,too_long,bebidas; ofertas-mimos,False,True,,,True,False,0,,False,0.3,False,,500.0,True,False,False,False,False,False,True,False,False,False,False,False,False,False,False,False,False,False,False
864,"Snack Coreano Marine Boy Orion Sabor Camarão 30g | Salgadinho Crocante, Divertido e Delicioso | Importação Mimos Korea",snack-coreano-marine-boy-orion-sabor-camarao-30g-salgadinho-crocante-divertido-e-delicioso-importacao-mimos-korea,https://mimoskorea.com.br/snack-coreano-marine-boy-orion-sabor-camarao-30g-salgadinho-crocante-divertido-e-delicioso-importacao-mimos-korea/,2026-08-22T11:22:13,2026-08-22T11:22:13,simple,,True,False,10.99,10.99,False,False,in-stock,,,True,3,0,snack-coreano-marine-boy-orion-camarao-de-30g; br-11134207-81z1k-mehcxobm65mrad; br-11134207-820m2-ms33f7nh65txc9,descriptive; shopee_cdn_hash; shopee_cdn_hash,webp; png; png,3,228,True,1002,158,1002,False,False,False,False,0.0,0,2,2,0,118,longer_than_70_chars; pipe_keyword_stuffing; store_name_in_title,too_long,comida-e-bebida; ofertas-mimos,True,True,,,True,False,0,,False,0.2,False,,30.0,False,False,False,False,False,False,True,False,False,False,False,False,False,False,False,False,False,False,False
867,Salgadinhos CornChip Orion Sabor Milho Assado 70g | Importado | Mimos Korea Design,salgadinhos-cornchip-orion-sabor-milho-assado-70g-importado-mimos-korea-design,https://mimoskorea.com.br/salgadinhos-cornchip-orion-sabor-milho-assado-70g-importado-mimos-korea-design/,2026-08-22T11:25:03,2026-09-12T09:59:11,simple,,True,False,16.99,16.99,False,False,out-of-stock,Fora de estoque,0,True,3,1,br-11134207-820la-mq3lpv4g32mbb9; br-11134207-820m2-mq3lpv4d4bghc2; br-11134207-820ld-mq3lpv4d2ww144,shopee_cdn_hash; shopee_cdn_hash; shopee_cdn_hash,png; png; png,4,,False,795,120,795,False,False,False,False,0.0,0,16,16,0,82,longer_than_70_chars; pipe_keyword_stuffing; store_name_in_title,too_long,comida-e-bebida; ofertas-mimos,True,True,,,True,False,0,,False,0.1,False,,70.0,False,False,False,False,False,False,True,True,False,False,False,False,False,False,False,False,False,False,False
871,Salgadinho Koony Orion Sabor Chili Picante 40g Importado | Coreano | Mimos Korea,salgadinho-koony-orion-sabor-chili-picante-40g-impotado-coreano-mimos-korea,https://mimoskorea.com.br/salgadinho-koony-orion-sabor-chili-picante-40g-impotado-coreano-mimos-korea/,2026-08-22T11:27:06,2026-08-22T11:27:12,simple,,True,False,12.9,12.9,False,False,in-stock,,,True,3,0,br-11134207-820mc-mpzhg0z6xfr5c6; br-11134207-820lz-mpzfywmdczk07c; br-11134207-820lq-mpzfywmdbkzk31,shopee_cdn_hash; shopee_cdn_hash; shopee_cdn_hash,png; png; png,3,,False,1212,200,1212,False,False,False,False,0.0,0,14,14,0,80,longer_than_70_chars; pipe_keyword_stuffing; store_name_in_title,,comida-e-bebida; ofertas-mimos,True,True,,,True,False,0,,False,0.1,False,,40.0,False,False,False,False,False,False,True,False,False,False,False,False,False,False,False,False,False,False,False
875,Salgadinhos Masita TurtleChips Orion Sabor Milho Agridoce 60g | Importado | Mimos Korea Design,salgadinhos-turtlechips-orion-sabor-milho-agridoce-60g-importado-mimos-korea-design,https://mimoskorea.com.br/salgadinhos-turtlechips-orion-sabor-milho-agridoce-60g-importado-mimos-korea-design/,2026-08-22T11:29:56,2026-09-12T09:38:49,simple,,True,False,16.99,16.99,False,False,in-stock,,,True,3,0,turtl; miklho; milho,junk_name; junk_name; junk_name,png; png; png,3,,False,778,128,778,False,False,False,True,0.0,0,23,23,5,94,longer_than_70_chars; pipe_keyword_stuffing; store_name_in_title,too_long,comida-e-bebida; ofertas-mimos,True,True,,,True,False,0,,False,0.1,False,,60.0,False,False,False,False,False,False,True,False,False,False,False,False,False,False,False,False,False,False,False
879,Salgadinhos Masita TurtleChips Orion Sabor Alga Marinha 60g | Importado | Mimos Korea Design,salgadinhos-turtlechips-orion-sabor-alga-marinha-60g-importado-mimos-korea-design,https://mimoskorea.com.br/salgadinhos-turtlechips-orion-sabor-alga-marinha-60g-importado-mimos-korea-design/,2026-08-22T11:31:21,2026-09-12T09:39:01,simple,,True,False,16.99,16.99,False,False,in-stock,,,True,3,0,aaa; miklho; algas,junk_name; junk_name; junk_name,png; png; png,3,877,False,778,128,778,False,False,False,True,0.0,0,23,23,5,92,longer_than_70_chars; pipe_keyword_stuffing; store_name_in_title,too_long,comida-e-bebida; ofertas-mimos,True,True,,,True,False,0,,False,0.1,False,,60.0,False,False,False,False,False,False,True,False,False,False,False,False,False,False,False,False,False,False,False
890,Bala Gelatina Sakuragi Tortinha Sabor Ovo Caramelizado 40g | Importado | Mimos Korea Design,bala-gelatina-sakuragi-tortinha-sabor-ovo-caramelizado-40g-importado-mimos-korea-design,https://mimoskorea.com.br/bala-gelatina-sakuragi-tortinha-sabor-ovo-caramelizado-40g-importado-mimos-korea-design/,2026-09-02T15:50:04,2026-09-02T15:50:05,simple,,True,False,13.99,13.99,False,False,in-stock,,,True,3,0,"40% de DESCONTO (61); ChatGPT Image 14 de ago. de 2026, 11_34_53; ChatGPT Image 14 de ago. de 2026, 11_40_23",promo_banner; ai_generated_image; ai_generated_image,png; png; png,3,,False,867,134,0,False,False,True,False,0.0,0,12,0,0,91,longer_than_70_chars; pipe_keyword_stuffing; store_name_in_title,too_long,comida-e-bebida; ofertas-mimos,True,True,,,True,False,0,,False,0.2,False,,40.0,False,False,True,False,False,True,True,True,False,False,False,False,False,False,False,False,False,False,False
894,Bala Gelatina Sakuragi 4D 50% Fruta 50g Sabor Morango | Importado | Mimos Korea Design,bala-gelatina-sakuragi-4d-50-fruta-50g-sabor-morango-importado-mimos-korea-design,https://mimoskorea.com.br/bala-gelatina-sakuragi-4d-50-fruta-50g-sabor-morango-importado-mimos-korea-design/,2026-09-02T15:53:26,2026-09-02T15:53:27,simple,,True,False,19.99,19.99,False,False,in-stock,,,True,3,0,"61oMCHIuu4L._AC_UF350,350_QL50_; 61oMCHIuu4L._AC_UF350,350_QL50_; 40% de DESCONTO (61)",amazon_cdn_copy; amazon_cdn_copy; promo_banner,png; png; png,3,,False,1042,174,0,False,False,True,True,1.0,0,21,0,6,86,longer_than_70_chars; pipe_keyword_stuffing; store_name_in_title,too_long,comida-e-bebida; ofertas-mimos,True,True,,,True,False,0,,False,0.2,False,,50.0,False,False,False,False,False,False,True,False,False,False,False,False,False,False,False,False,False,False,False
899,Bala Gelatina Sakuragi 4D 50% Fruta 50g Sabor Uva | Importado | Mimos Korea Design,bala-gelatina-sakuragi-4d-50-fruta-50g-sabor-uva-importado-mimos-korea-design,https://mimoskorea.com.br/bala-gelatina-sakuragi-4d-50-fruta-50g-sabor-uva-importado-mimos-korea-design/,2026-09-02T15:54:50,2026-09-02T15:54:50,simple,,True,False,19.99,19.99,False,False,in-stock,,,True,3,0,"61RZ-t7Z5SL._AC_UF894,1000_QL80_; 61RZ-t7Z5SL._AC_UF894,1000_QL80_; 40% de DESCONTO (61)",amazon_cdn_copy; amazon_cdn_copy; promo_banner,png; png; png,3,897,False,1042,174,0,False,False,True,True,1.0,0,21,0,6,82,longer_than_70_chars; pipe_keyword_stuffing; store_name_in_title,too_long,comida-e-bebida; ofertas-mimos,True,True,,,True,False,0,,False,0.2,False,,50.0,False,False,False,False,False,False,True,False,False,False,False,False,False,False,False,False,False,False,False
902,Bala Gelatina Sakuragi 4D 50% Fruta 50g Sabor Maçã | Importado | Mimos Korea Design,bala-gelatina-sakuragi-4d-50-fruta-50g-sabor-maca-importado-mimos-korea-design,https://mimoskorea.com.br/bala-gelatina-sakuragi-4d-50-fruta-50g-sabor-maca-importado-mimos-korea-design/,2026-09-02T15:56:00,2026-09-02T15:56:00,simple,,True,False,19.99,19.99,False,False,in-stock,,,True,3,0,"ChatGPT Image 6 de ago. de 2026, 16_12_50 (1); ChatGPT Image 6 de ago. de 2026, 16_12_50 (1); 40% de DESCONTO (61)",ai_generated_image; ai_generated_image; promo_banner,png; png; png,3,897,False,1042,174,0,False,False,True,True,1.0,0,21,0,6,83,longer_than_70_chars; pipe_keyword_stuffing; store_name_in_title,too_long,comida-e-bebida; ofertas-mimos,True,True,,,True,False,0,,False,0.2,False,,50.0,False,False,False,False,False,False,True,False,False,False,False,False,False,False,False,False,False,False,False
905,Bala Gelatina Sakuragi 70% Fruta 32g Sabor Morango | Importado | Mimos Korea Design,bala-gelatina-sakuragi-70-fruta-32g-sabor-morango-importado-mimos-korea-design,https://mimoskorea.com.br/bala-gelatina-sakuragi-70-fruta-32g-sabor-morango-importado-mimos-korea-design/,2026-09-02T15:58:15,2026-09-05T04:21:47,simple,,True,False,13.99,13.99,False,False,in-stock,,,True,2,1,"ChatGPT Image 6 de ago. de 2026, 16_24_18; 40% de DESCONTO (61)",ai_generated_image; promo_banner,png; png,3,,False,980,163,0,False,False,True,True,0.91,0,21,0,6,83,longer_than_70_chars; pipe_keyword_stuffing; store_name_in_title,too_long,comida-e-bebida; ofertas-mimos,True,True,,,True,False,0,,False,0.2,False,,32.0,False,False,False,False,False,False,True,False,False,False,False,False,False,False,False,False,False,False,False
908,Bala Gelatina Sakuragi 70% Fruta 32g Sabor Blueberry | Importado | Mimos Korea Design,bala-gelatina-sakuragi-70-fruta-32g-sabor-blueberry-importado-mimos-korea-design,https://mimoskorea.com.br/bala-gelatina-sakuragi-70-fruta-32g-sabor-blueberry-importado-mimos-korea-design/,2026-09-02T15:59:42,2026-09-02T15:59:43,simple,,True,False,13.99,13.99,False,False,in-stock,,,True,2,1,"ChatGPT Image 6 de ago. de 2026, 16_26_59; 40% de DESCONTO (61)",ai_generated_image; promo_banner,png; png,3,907,False,980,163,0,False,False,True,True,0.91,0,21,0,6,85,longer_than_70_chars; pipe_keyword_stuffing; store_name_in_title,too_long,comida-e-bebida; ofertas-mimos,True,True,,,True,False,0,,False,0.2,False,,32.0,False,False,False,False,False,False,True,False,False,False,False,False,False,False,False,False,False,False,False
910,Bala Gelatina Sakuragi 70% Fruta 32g Sabor Limão com Sal | Importado | Mimos Korea Design,bala-gelatina-sakuragi-70-fruta-32g-sabor-limao-com-sal-importado-mimos-korea-design,https://mimoskorea.com.br/bala-gelatina-sakuragi-70-fruta-32g-sabor-limao-com-sal-importado-mimos-korea-design/,2026-09-02T16:00:58,2026-09-02T16:00:58,simple,,True,False,13.99,13.99,False,False,in-stock,,,True,2,1,"ChatGPT Image 6 de ago. de 2026, 16_29_14; 40% de DESCONTO (61)",ai_generated_image; promo_banner,png; png,3,907,False,962,160,0,False,False,True,False,1.0,0,21,0,6,89,longer_than_70_chars; pipe_keyword_stuffing; store_name_in_title,too_long,comida-e-bebida; ofertas-mimos,True,True,,,True,False,0,,False,0.2,False,,32.0,False,False,False,False,False,False,True,False,False,False,False,False,False,False,False,False,False,False,False
912,Biscoitos Snack Sakuragi Sabor Abóbora 80g | Importado | Mimos Korea Design,biscoitos-snack-sakuragi-sabor-abobora-80g-importado-mimos-korea-design,https://mimoskorea.com.br/biscoitos-snack-sakuragi-sabor-abobora-80g-importado-mimos-korea-design/,2026-09-02T16:03:19,2026-09-02T16:03:19,simple,,True,False,29.99,29.99,False,False,in-stock,,,True,3,0,"ChatGPT Image 6 de ago. de 2026, 15_53_40; 40% de DESCONTO (61); ChatGPT Image 6 de ago. de 2026, 15_58_31",ai_generated_image; promo_banner; ai_generated_image,png; png; png,3,,False,1043,165,0,False,False,True,True,0.08,0,19,0,6,75,longer_than_70_chars; pipe_keyword_stuffing; store_name_in_title,,comida-e-bebida; ofertas-mimos,True,True,,,True,False,0,,False,0.3,False,,80.0,False,False,False,False,False,False,True,False,False,False,False,False,False,False,False,False,False,False,False
916,Biscoitos Snack Sakuragi Sabor Batata Doce 80g | Importado | Mimos Korea Design,biscoitos-snack-sakuragi-sabor-batata-doce-80g-importado-mimos-korea-design,https://mimoskorea.com.br/biscoitos-snack-sakuragi-sabor-batata-doce-80g-importado-mimos-korea-design/,2026-09-02T16:04:38,2026-09-02T16:04:38,simple,,True,False,29.99,29.99,False,False,in-stock,,,True,3,0,"ChatGPT Image 6 de ago. de 2026, 16_02_26; ChatGPT Image 6 de ago. de 2026, 16_07_33 (1); 40% de DESCONTO (61)",ai_generated_image; ai_generated_image; promo_banner,png; png; png,3,914,False,1043,165,0,False,False,True,True,0.08,0,19,0,6,79,longer_than_70_chars; pipe_keyword_stuffing; store_name_in_title,,comida-e-bebida; ofertas-mimos,True,True,,,True,False,0,,False,0.3,False,,80.0,False,False,False,False,False,False,True,False,False,False,False,False,False,False,False,False,False,False,False
919,Biscoitos Sakuragi Animais 130g Sabor Chocolate | Importado | Mimos Korea Design,biscoitos-sakuragi-animais-130g-sabor-chocolate-importado-mimos-korea-design,https://mimoskorea.com.br/biscoitos-sakuragi-animais-130g-sabor-chocolate-importado-mimos-korea-design/,2026-09-02T16:06:28,2026-09-05T04:21:47,simple,,True,False,29.99,29.99,False,False,in-stock,,,True,3,0,"ChatGPT Image 6 de ago. de 2026, 15_31_46; ChatGPT Image 6 de ago. de 2026, 15_36_31; 40% de DESCONTO (61)",ai_generated_image; ai_generated_image; promo_banner,png; png; png,3,,False,1015,163,0,False,False,True,True,0.09,0,19,0,6,80,longer_than_70_chars; pipe_keyword_stuffing; store_name_in_title,too_long,comida-e-bebida; ofertas-mimos,True,True,,,True,False,0,,False,0.3,False,,130.0,False,False,False,False,False,False,True,False,False,False,False,False,False,False,False,False,False,False,False
923,Biscoitos Sakuragi Animais 130g Sabor Leite | Importado | Mimos Korea Design,biscoitos-sakuragi-animais-130g-sabor-leite-importado-mimos-korea-design,https://mimoskorea.com.br/biscoitos-sakuragi-animais-130g-sabor-leite-importado-mimos-korea-design/,2026-09-02T16:07:51,2026-09-02T16:07:51,simple,,True,False,29.99,29.99,False,False,in-stock,,,True,3,0,"ChatGPT Image 6 de ago. de 2026, 15_25_43; ChatGPT Image 6 de ago. de 2026, 15_30_09; 40% de DESCONTO (61)",ai_generated_image; ai_generated_image; promo_banner,png; png; png,3,920,False,1015,163,0,False,False,True,True,0.09,0,19,0,6,76,longer_than_70_chars; pipe_keyword_stuffing; store_name_in_title,,comida-e-bebida; ofertas-mimos,True,True,,,True,False,0,,False,0.3,False,,130.0,False,False,False,False,False,False,True,False,False,False,False,False,False,False,False,False,False,False,False
926,Bala Hortelã Sakuragi Sabor Melancia 16g | Importado | Mimos Korea Design,bala-hortela-sakuragi-sabor-melancia-16g-importado-mimos-korea-design,https://mimoskorea.com.br/bala-hortela-sakuragi-sabor-melancia-16g-importado-mimos-korea-design/,2026-09-02T16:09:54,2026-09-02T16:09:54,simple,,True,False,12.99,12.99,False,False,in-stock,,,True,3,0,"ChatGPT Image 7 de ago. de 2026, 12_45_42; ChatGPT Image 7 de ago. de 2026, 12_48_02; 40% de DESCONTO (61)",ai_generated_image; ai_generated_image; promo_banner,png; png; png,3,,False,1047,165,0,False,False,True,True,1.0,0,21,0,6,73,longer_than_70_chars; pipe_keyword_stuffing; store_name_in_title,,comida-e-bebida; ofertas-mimos,True,True,,,True,False,0,,False,0.2,False,,16.0,False,False,False,False,False,False,True,False,False,False,False,False,False,False,False,False,False,False,False
932,Bala Hortelã Sakuragi Sabor Café 16g | Importado | Mimos Korea Design,bala-hortela-sakuragi-sabor-cafe-16g-importado-mimos-korea-design,https://mimoskorea.com.br/bala-hortela-sakuragi-sabor-cafe-16g-importado-mimos-korea-design/,2026-09-02T16:10:36,2026-09-02T16:10:37,simple,,True,False,12.99,12.99,False,False,in-stock,,,True,3,0,"ChatGPT Image 7 de ago. de 2026, 12_43_18; 40% de DESCONTO (61); ChatGPT Image 7 de ago. de 2026, 12_48_02",ai_generated_image; promo_banner; ai_generated_image,png; png; png,3,929; 927; 931,False,1047,165,0,False,False,True,True,1.0,0,21,0,6,69,pipe_keyword_stuffing; store_name_in_title,,comida-e-bebida; ofertas-mimos,True,True,,,True,False,0,,False,0.2,False,,16.0,False,False,False,False,False,False,True,False,False,False,False,False,False,False,False,False,False,False,False
933,Bala Hortelã Sakuragi Sabor Pêssego 16g | Importado | Mimos Korea Design,bala-hortela-sakuragi-sabor-pessego-16g-importado-mimos-korea-design,https://mimoskorea.com.br/bala-hortela-sakuragi-sabor-pessego-16g-importado-mimos-korea-design/,2026-09-02T16:11:20,2026-09-02T16:11:20,simple,,True,False,12.99,12.99,False,False,in-stock,,,True,3,0,"ChatGPT Image 7 de ago. de 2026, 12_39_46; 40% de DESCONTO (61); ChatGPT Image 7 de ago. de 2026, 12_48_02",ai_generated_image; promo_banner; ai_generated_image,png; png; png,3,928; 927; 931,False,1047,165,0,False,False,True,True,1.0,0,21,0,6,72,longer_than_70_chars; pipe_keyword_stuffing; store_name_in_title,,comida-e-bebida; ofertas-mimos,True,True,,,True,False,0,,False,0.2,False,,16.0,False,False,False,False,False,False,True,False,False,False,False,False,False,False,False,False,False,False,False
934,Biscoito Sakuragi Wafer Cubos 65g Sabor Queijo | Importado | Mimos Korea Design,biscoito-sakuragi-wafer-cubos-65g-sabor-queijo-importado-mimos-korea-design,https://mimoskorea.com.br/biscoito-sakuragi-wafer-cubos-65g-sabor-queijo-importado-mimos-korea-design/,2026-09-02T16:13:22,2026-09-02T16:13:22,simple,,True,False,24.99,24.99,False,False,in-stock,,,True,3,0,"ChatGPT Image 6 de ago. de 2026, 13_36_59; ChatGPT Image 6 de ago. de 2026, 13_49_10; 40% de DESCONTO (61)",ai_generated_image; ai_generated_image; promo_banner,png; png; png,3,,False,1014,172,0,False,False,True,True,0.09,0,19,0,6,79,longer_than_70_chars; pipe_keyword_stuffing; store_name_in_title,,comida-e-bebida; ofertas-mimos,True,True,,,True,False,0,,False,0.3,False,,65.0,False,False,False,False,False,False,True,False,False,False,False,False,False,False,False,False,False,False,False
939,Biscoito Sakuragi Wafer Cubos 65g Sabor Sorvete Leite | Importado | Mimos Korea Design,biscoito-sakuragi-wafer-cubos-65g-sabor-sorvete-leite-importado-mimos-korea-design,https://mimoskorea.com.br/biscoito-sakuragi-wafer-cubos-65g-sabor-sorvete-leite-importado-mimos-korea-design/,2026-09-02T16:14:15,2026-09-02T16:14:15,simple,,True,False,24.99,24.99,False,False,in-stock,,,True,3,0,"ChatGPT Image 6 de ago. de 2026, 13_31_22; ChatGPT Image 6 de ago. de 2026, 13_49_10; 40% de DESCONTO (61)",ai_generated_image; ai_generated_image; promo_banner,png; png; png,3,936; 938; 935,False,1014,172,0,False,False,True,True,0.09,0,19,0,6,86,longer_than_70_chars; pipe_keyword_stuffing; store_name_in_title,too_long,comida-e-bebida; ofertas-mimos,True,True,,,True,False,0,,False,0.3,False,,65.0,False,False,False,False,False,False,True,False,False,False,False,False,False,False,False,False,False,False,False
941,Biscoito Sakuragi Wafer 5 Camadas 110g Sabor Chocolate | Importado | Mimos Korea Design,biscoito-sakuragi-wafer-5-camadas-110g-sabor-chocolate-importado-mimos-korea-design,https://mimoskorea.com.br/biscoito-sakuragi-wafer-5-camadas-110g-sabor-chocolate-importado-mimos-korea-design/,2026-09-02T16:16:12,2026-09-02T16:16:12,simple,,True,False,29.99,29.99,False,False,in-stock,,,True,3,1,"ChatGPT Image 6 de ago. de 2026, 13_14_04; Capturar; 40% de DESCONTO (61)",ai_generated_image; screenshot; promo_banner,png; png; png,4,,False,957,164,0,False,False,True,True,0.0,0,19,0,6,87,longer_than_70_chars; pipe_keyword_stuffing; store_name_in_title,too_long,comida-e-bebida; ofertas-mimos,True,True,,,True,False,0,,False,0.2,False,,110.0,False,False,False,False,False,False,True,False,False,False,False,False,False,False,False,False,False,False,False
946,Biscoito Sakuragi Wafer 5 Camadas 110g Sabor Sorvete Leite | Importado | Mimos Korea Design,biscoito-sakuragi-wafer-5-camadas-110g-sabor-sorvete-leite-importado-mimos-korea-design,https://mimoskorea.com.br/biscoito-sakuragi-wafer-5-camadas-110g-sabor-sorvete-leite-importado-mimos-korea-design/,2026-09-02T16:17:03,2026-09-02T16:17:03,simple,,True,False,29.99,29.99,False,False,in-stock,,,True,3,1,"ChatGPT Image 6 de ago. de 2026, 13_12_27; Capturar; 40% de DESCONTO (61)",ai_generated_image; screenshot; promo_banner,png; png; png,4,944; 943; 942,False,957,164,0,False,False,True,True,0.0,0,19,0,6,91,longer_than_70_chars; pipe_keyword_stuffing; store_name_in_title,too_long,comida-e-bebida; ofertas-mimos,True,True,,,True,False,0,,False,0.3,False,,110.0,False,False,False,False,False,False,True,False,False,False,False,False,False,False,False,False,False,False,False
948,Salgadinho Orion Toonies Sabor Chocolate 60g | Importado | Coreano | Mimos Korea,salgadinho-orion-toonies-sabor-chocolate-60g-importado-coreano-mimos-korea,https://mimoskorea.com.br/salgadinho-orion-toonies-sabor-chocolate-60g-importado-coreano-mimos-korea/,2026-09-02T16:20:43,2026-09-12T09:59:42,simple,,True,False,16.99,16.99,False,False,out-of-stock,Fora de estoque,0,True,3,1,WhatsApp Image 2026-06-27 at 16.41.01; tonichoco; socola,whatsapp_export; short_or_unclear; junk_name,jpeg; png; png,4,,False,1249,208,0,False,False,True,False,0.0,0,14,0,0,80,longer_than_70_chars; pipe_keyword_stuffing; store_name_in_title,,comida-e-bebida; ofertas-mimos,True,True,,,True,False,0,,False,0.2,False,,60.0,False,False,False,False,False,False,True,False,False,False,False,False,False,False,False,False,False,False,False
952,Salgadinho Coreano O’Star Orion 30g Sabor Bife Americano NY | Batata Frita Crocante | Snack Sabores,salgadinho-coreano-ostar-orion-30g-sabor-bife-americano-ny-batata-frita-crocante-snack-sabores,https://mimoskorea.com.br/salgadinho-coreano-ostar-orion-30g-sabor-bife-americano-ny-batata-frita-crocante-snack-sabores/,2026-09-02T16:23:43,2026-09-02T16:23:43,simple,,True,False,12.99,12.99,False,False,in-stock,,,True,1,1,bife,junk_name,png,2,,False,731,120,0,False,False,True,True,0.78,0,9,0,6,99,longer_than_70_chars; pipe_keyword_stuffing; ambiguous_multi_flavour_title,too_long,comida-e-bebida; ofertas-mimos,True,True,,,True,False,0,,False,0.2,False,,30.0,False,False,False,False,False,False,True,False,False,False,False,False,False,False,False,False,False,False,False
954,Salgadinho Coreano O’Star Orion 30g Sabor Queijo Duplo | Batata Frita Crocante | Snack Sabores,salgadinho-coreano-ostar-orion-30g-sabor-queijo-duplo-batata-frita-crocante-snack-sabores,https://mimoskorea.com.br/salgadinho-coreano-ostar-orion-30g-sabor-queijo-duplo-batata-frita-crocante-snack-sabores/,2026-09-02T16:25:09,2026-09-02T16:25:10,simple,,True,False,12.99,12.99,False,False,in-stock,,,True,1,1,queijo,junk_name,png,2,,False,706,116,0,False,False,True,True,0.78,0,9,0,6,94,longer_than_70_chars; pipe_keyword_stuffing; ambiguous_multi_flavour_title,too_long,comida-e-bebida; ofertas-mimos,True,True,,,True,False,0,,False,0.2,False,,30.0,False,False,False,False,False,False,True,False,False,False,False,False,False,False,False,False,False,False,False
957,Mochila Escolar Viagem Cor Cinza Notebook 15.6 Impermeável USB Premium 25L,mochila-escolar-viagem-cor-cinza-notebook-15-6-impermeavel-usb-premium-25l,https://mimoskorea.com.br/mochila-escolar-viagem-cor-cinza-notebook-15-6-impermeavel-usb-premium-25l/,2026-09-02T16:30:13,2026-09-02T16:30:13,simple,,True,False,269.99,269.99,False,False,in-stock,,,True,7,0,1; D_NQ_NP_2X_646533-MLA83544912075_042025-F; D_NQ_NP_2X_694798-MLA83544912071_042025-F; D_NQ_NP_2X_800796-MLA83253313778_042025-F; D_NQ_NP_2X_816704-MLA83253449746_042025-F; D_NQ_NP_2X_830485-MLA92310392642_092025-F; D_NQ_NP_2X_841307-MLA83253313776_042025-F,junk_name; mercadolivre_cdn_copy; mercadolivre_cdn_copy; mercadolivre_cdn_copy; mercadolivre_cdn_copy; mercadolivre_cdn_copy; mercadolivre_cdn_copy,png; png; png; png; png; png; png,7,,False,2181,346,0,False,False,True,True,1.0,0,8,0,0,74,longer_than_70_chars,,mochilas; ofertas-mimos,False,True,,,True,False,0,,False,0.3,False,,,False,False,False,False,False,False,False,False,False,False,False,True,True,True,False,False,False,False,False
967,Mochila Escolar Viagem Cor Rosa Notebook 15.6 Impermeável USB Premium 25L,mochila-escolar-viagem-cor-rosa-notebook-15-6-impermeavel-usb-premium-25l,https://mimoskorea.com.br/mochila-escolar-viagem-cor-rosa-notebook-15-6-impermeavel-usb-premium-25l/,2026-09-02T16:31:34,2026-09-02T16:31:34,simple,,True,False,269.99,269.99,False,False,in-stock,,,True,7,0,R; D_NQ_NP_2X_841307-MLA83253313776_042025-F; D_NQ_NP_2X_830485-MLA92310392642_092025-F; D_NQ_NP_2X_816704-MLA83253449746_042025-F; D_NQ_NP_2X_800796-MLA83253313778_042025-F; D_NQ_NP_2X_694798-MLA83544912071_042025-F; D_NQ_NP_2X_646533-MLA83544912075_042025-F,junk_name; mercadolivre_cdn_copy; mercadolivre_cdn_copy; mercadolivre_cdn_copy; mercadolivre_cdn_copy; mercadolivre_cdn_copy; mercadolivre_cdn_copy,png; png; png; png; png; png; png,7,965; 964; 963; 962; 961; 960; 959,False,2181,346,0,False,False,True,True,1.0,0,8,0,0,73,longer_than_70_chars,,mochilas; ofertas-mimos,False,True,,,True,False,0,,False,0.3,False,,,False,False,False,False,False,False,False,False,False,False,False,True,True,True,False,False,False,False,False
968,Mochila Escolar Viagem Cor Verde Notebook 15.6 Impermeável USB Premium 25L,mochila-escolar-viagem-cor-verde-notebook-15-6-impermeavel-usb-premium-25l,https://mimoskorea.com.br/mochila-escolar-viagem-cor-verde-notebook-15-6-impermeavel-usb-premium-25l/,2026-09-02T16:32:32,2026-09-02T16:32:33,simple,,True,False,269.99,269.99,False,False,in-stock,,,True,7,0,V; D_NQ_NP_2X_830485-MLA92310392642_092025-F; D_NQ_NP_2X_816704-MLA83253449746_042025-F; D_NQ_NP_2X_800796-MLA83253313778_042025-F; D_NQ_NP_2X_694798-MLA83544912071_042025-F; D_NQ_NP_2X_646533-MLA83544912075_042025-F; D_NQ_NP_2X_841307-MLA83253313776_042025-F,junk_name; mercadolivre_cdn_copy; mercadolivre_cdn_copy; mercadolivre_cdn_copy; mercadolivre_cdn_copy; mercadolivre_cdn_copy; mercadolivre_cdn_copy,png; png; png; png; png; png; png,7,966; 963; 962; 961; 960; 959; 964,False,2181,346,0,False,False,True,True,1.0,0,8,0,0,74,longer_than_70_chars,,mochilas; ofertas-mimos,False,True,,,True,False,0,,False,0.3,False,,,False,False,False,False,False,False,False,False,False,False,False,True,True,True,False,False,False,False,False
969,Mochila Executiva 29L Cor Bege Notebook Reforçada Impermeável USB Viagem Premium Mimos,mochila-executiva-29l-cor-bege-notebook-reforcada-impermeavel-usb-viagem-premium-mimos,https://mimoskorea.com.br/mochila-executiva-29l-cor-bege-notebook-reforcada-impermeavel-usb-viagem-premium-mimos/,2026-09-02T16:35:52,2026-09-02T16:35:52,simple,,True,False,369.99,369.99,False,False,in-stock,,,True,4,0,bege; bege2; bege3; bege4,junk_name; junk_name; junk_name; junk_name,png; png; png; png,4,,False,1525,255,0,False,False,True,True,1.0,0,9,0,0,86,longer_than_70_chars; store_name_in_title,too_long,mochilas; ofertas-mimos,False,True,,,True,False,0,,False,0.3,False,,,False,False,False,False,False,False,False,False,False,False,False,True,False,True,False,False,False,False,False
980,Mochila Executiva 29L Cor Preto Notebook Reforçada Impermeável USB Viagem Premium Mimos,mochila-executiva-29l-cor-preto-notebook-reforcada-impermeavel-usb-viagem-premium-mimos,https://mimoskorea.com.br/mochila-executiva-29l-cor-preto-notebook-reforcada-impermeavel-usb-viagem-premium-mimos/,2026-09-02T16:36:42,2026-09-02T16:36:42,simple,,True,False,369.99,369.99,False,False,in-stock,,,True,5,0,Documento A4 etiqueta adesiva oferta balão divertido amarelo e vermelho (6); HGH; Documento A4 etiqueta adesiva oferta balão divertido amarelo e vermelho (10); Documento A4 etiqueta adesiva oferta balão divertido amarelo e vermelho (9); Documento A4 etiqueta adesiva oferta balão divertido amarelo e vermelho (8),promo_banner; junk_name; promo_banner; promo_banner; promo_banner,png; png; png; png; png,5,974; 979; 978; 977; 976,False,1525,255,0,False,False,True,True,1.0,0,9,0,0,87,longer_than_70_chars; store_name_in_title,too_long,mochilas; ofertas-mimos,False,True,,,True,False,0,,False,0.3,False,,,False,False,False,False,False,False,False,False,False,False,False,True,False,True,False,False,False,False,False
981,Mochila Executiva 29L Cor Rosa Notebook Reforçada Impermeável USB Viagem Premium Mimos,mochila-executiva-29l-cor-rosa-notebook-reforcada-impermeavel-usb-viagem-premium-mimos,https://mimoskorea.com.br/mochila-executiva-29l-cor-rosa-notebook-reforcada-impermeavel-usb-viagem-premium-mimos/,2026-09-02T16:38:45,2026-09-02T16:38:45,simple,,True,False,369.99,369.99,False,False,in-stock,,,True,3,0,rosa; ro; ross,junk_name; junk_name; junk_name,png; png; png,3,,False,1525,255,0,False,False,True,True,1.0,0,9,0,0,86,longer_than_70_chars; store_name_in_title,too_long,mochilas; ofertas-mimos,False,True,,,True,False,0,,False,0.3,False,,,False,False,False,False,False,False,False,False,False,False,False,True,False,True,False,False,False,False,False
985,Mochila Premium Notebook Reforçada Impermeável Preta Executiva Resistente,mochila-premium-notebook-reforcada-impermeavel-preta-executiva-resistente,https://mimoskorea.com.br/mochila-premium-notebook-reforcada-impermeavel-preta-executiva-resistente/,2026-09-02T16:41:28,2026-09-02T16:41:28,simple,,True,False,389.99,389.99,False,False,in-stock,,,True,7,0,Documento A4 etiqueta adesiva oferta balão divertido amarelo e vermelho; 5 (2); 6 (2); 7 (2); 4 (2); 3 (2); 2,promo_banner; junk_name; junk_name; junk_name; junk_name; junk_name; junk_name,png; png; png; png; png; png; png,7,,False,1082,160,0,False,False,True,False,0.0,0,10,0,0,73,longer_than_70_chars,,mochilas; ofertas-mimos,False,True,,,True,False,0,,False,0.4,False,,,False,False,False,False,False,False,False,False,False,False,False,True,False,False,False,False,False,False,False
993,Mochila Faculdade Notebook Reforçada Impermeável Executiva Trabalho Resistente Preta,mochila-faculdade-notebook-reforcada-impermeavel-executiva-trabalho-resistente-preta,https://mimoskorea.com.br/mochila-faculdade-notebook-reforcada-impermeavel-executiva-trabalho-resistente-preta/,2026-09-02T16:43:37,2026-09-02T16:43:37,simple,,True,False,249.99,249.99,False,False,in-stock,,,True,7,0,1; 3; 4; 5; 6; 7; 2,junk_name; junk_name; junk_name; junk_name; junk_name; junk_name; junk_name,png; png; png; png; png; png; png,7,,False,1667,250,0,False,False,True,False,0.0,0,12,0,0,84,longer_than_70_chars,too_long,mochilas; ofertas-mimos,False,True,,,True,False,0,,False,0.3,False,,,False,False,False,False,False,False,False,False,False,False,False,True,False,False,False,True,False,False,False
1007,Bolinho Coreano Custard Orion | Creme de Ovos | Caixa com 12 Unidades | 276g | K-snack Importado Mimos Korea,bolinho-coreano-custard-orion-creme-de-ovos-caixa-com-12-unidades-276g-k-snack-importado-mimos-korea,https://mimoskorea.com.br/bolinho-coreano-custard-orion-creme-de-ovos-caixa-com-12-unidades-276g-k-snack-importado-mimos-korea/,2026-09-12T09:23:28,2026-09-12T09:23:28,simple,,True,False,49.99,49.99,False,False,in-stock,,,True,3,0,br-11134207-81z1k-mehbkcdkr6yr79; br-11134201-820lw-msst7ovm5ptz38; br-11134207-81z1k-mehbkcdkr6yr79,shopee_cdn_hash; shopee_cdn_hash; shopee_cdn_hash,png; png; png,3,,False,714,123,0,False,False,True,False,0.0,0,9,0,0,108,longer_than_70_chars; pipe_keyword_stuffing; store_name_in_title,too_long,comida-e-bebida; ofertas-mimos,True,True,,,True,False,0,,False,0.3,False,,276.0,False,False,False,False,False,False,True,False,False,False,False,False,False,False,False,False,False,False,False
1011,Bolinho Orion BongBang 5un Sabor Chocolate com Feijão Vermelho | Importado | Mimos Korea Design,bolinho-orion-bongbang-5un-sabor-chocolate-com-feijao-vermelho-importado-mimos-korea-design,https://mimoskorea.com.br/bolinho-orion-bongbang-5un-sabor-chocolate-com-feijao-vermelho-importado-mimos-korea-design/,2026-09-12T09:26:25,2026-09-12T09:26:25,simple,,True,False,35.99,35.99,False,False,in-stock,,,True,4,0,bong-bang-mk-5p-chi-nh-sa-ng; Orion-Bungo-Choco-Mochi-Soft-Cake_-174g-Orion-131557256_700x700; Orion_Cham_Booner_Bbang_174g_-_5; image (1),descriptive; descriptive; descriptive; short_or_unclear,png; png; png; png,4,,False,1516,247,0,False,False,True,False,0.0,0,32,0,6,95,longer_than_70_chars; pipe_keyword_stuffing; store_name_in_title,too_long,comida-e-bebida; ofertas-mimos,True,True,,,True,False,0,,False,0.3,False,,,False,False,False,False,False,False,True,False,False,False,False,False,False,False,False,False,False,False,False
1016,"Biscoito Coreano Orion Miz Chocolate 54g | Ceral, Crocante, Divertido e Delicioso | Mimos Korea",biscoito-coreano-orion-miz-chocolate-54g-ceral-crocante-divertido-e-delicioso-mimos-korea,https://mimoskorea.com.br/biscoito-coreano-orion-miz-chocolate-54g-ceral-crocante-divertido-e-delicioso-mimos-korea/,2026-09-12T09:29:10,2026-09-12T09:29:10,simple,,True,False,14.99,14.99,False,False,in-stock,,,True,2,1,br-11134207-81z1k-mehcxobmbrwjc1; br-11134207-81z1k-mehcxobmd6gz81,shopee_cdn_hash; shopee_cdn_hash,png; png,3,,False,1102,168,0,False,False,True,False,0.0,0,2,0,0,95,longer_than_70_chars; pipe_keyword_stuffing; store_name_in_title; spelling_error,too_long,comida-e-bebida; ofertas-mimos,True,True,,,True,False,0,,False,0.2,False,,54.0,False,False,False,False,False,False,True,False,False,False,False,False,False,False,False,False,False,False,False
1019,Salgadinho Coreano O’Star Orion 30g | Batata Frita Crocante | Snack Sabor Bife NY,salgadinho-coreano-ostar-orion-30g-batata-frita-crocante-snack-sabor-bife-ny,https://mimoskorea.com.br/salgadinho-coreano-ostar-orion-30g-batata-frita-crocante-snack-sabor-bife-ny/,2026-09-12T09:31:50,2026-09-12T09:31:51,simple,,True,False,12.99,12.99,False,False,in-stock,,,True,1,1,br-11134207-81z1k-mehazn7w8qgy43,shopee_cdn_hash,png,2,,False,731,120,0,False,False,True,True,0.78,0,9,0,6,81,longer_than_70_chars; pipe_keyword_stuffing,too_long,comida-e-bebida; ofertas-mimos,True,True,,,True,False,0,,False,0.2,False,,30.0,False,False,False,False,False,False,True,False,False,False,False,False,False,False,False,False,False,False,False
1021,Salgadinho Coreano O’Star Orion 30g | Batata Frita Crocante | Snack Sabor Queijo Duplo,salgadinho-coreano-ostar-orion-30g-batata-frita-crocante-snack-sabor-queijo-duplo,https://mimoskorea.com.br/salgadinho-coreano-ostar-orion-30g-batata-frita-crocante-snack-sabor-queijo-duplo/,2026-09-12T09:33:08,2026-09-12T09:33:08,simple,,True,False,12.99,12.99,False,False,in-stock,,,True,1,1,zzz,junk_name,png,2,,False,706,116,0,False,False,True,True,0.78,0,9,0,6,86,longer_than_70_chars; pipe_keyword_stuffing,too_long,comida-e-bebida; ofertas-mimos,True,True,,,True,False,0,,False,0.2,False,,30.0,False,False,False,False,False,False,True,False,False,False,False,False,False,False,False,False,False,False,False
